id,Fp1,Fp2,F7,F3,Fz,F4,F8,FC5,FC1,FC2,FC6,T7,C3,Cz,C4,T8,TP9,CP5,CP1,CP2,CP6,TP10,P7,P3,Pz,P4,P8,PO9,O1,Oz,O2,PO10
0,-31,363,211,121,211,15,717,279,35,158,543,-166,192,230,573,860,128,59,272,473,325,379,536,348,383,105,607,289,459,173,120,704
1,-29,342,216,123,222,200,595,329,43,166,495,-138,201,233,554,846,185,47,269,455,307,368,529,327,369,78,613,248,409,141,83,737
2,-172,278,105,93,222,511,471,280,12,177,534,-163,198,207,542,768,145,52,250,452,273,273,511,319,355,66,606,320,440,141,62,677
3,-272,263,-52,99,208,511,428,261,27,180,525,-310,212,221,542,808,115,41,276,432,258,241,521,336,356,71,568,339,437,139,58,592
4,-265,213,-67,99,155,380,476,353,32,165,507,-320,242,230,545,865,180,89,288,444,275,275,550,324,346,76,547,343,446,171,67,581
5,-254,135,45,78,152,246,490,414,30,176,510,-197,209,224,560,834,278,60,283,469,288,347,586,343,363,74,580,389,471,190,100,661
6,-156,103,295,105,177,330,429,499,48,156,474,-131,206,189,518,558,301,45,265,416,237,351,579,339,341,29,530,422,467,180,98,599
7,-23,175,381,148,198,412,490,539,44,155,486,-126,215,179,518,378,269,37,258,410,302,370,581,324,331,45,573,402,446,213,122,695
8,43,354,382,147,217,569,591,529,57,153,545,-177,212,183,587,591,219,37,246,423,399,263,506,279,306,44,554,250,340,69,-4,560
9,99,518,320,178,233,650,568,482,75,169,543,-113,224,178,565,895,208,53,257,423,284,241,523,307,310,43,511,292,374,79,8,609
10,89,518,258,98,219,600,529,346,60,139,491,-175,179,172,511,953,228,8,257,411,137,261,553,326,338,13,464,357,439,175,74,657
11,104,488,274,200,247,501,503,290,86,161,468,-230,184,198,532,872,180,4,278,443,197,167,545,358,363,33,448,346,475,175,66,543
12,76,417,247,214,221,397,430,301,80,136,452,-223,216,200,529,789,171,22,268,439,228,202,505,345,360,80,512,285,477,215,115,734
13,94,363,257,257,211,306,420,353,98,121,444,-141,202,192,502,733,110,11,237,408,164,179,472,306,318,-8,378,205,361,68,-58,426
14,76,401,212,333,253,395,447,374,69,150,510,-267,203,195,504,723,48,-8,239,409,187,183,454,285,317,-20,364,179,331,44,-78,390
15,27,362,268,309,261,502,406,379,70,153,617,-352,200,189,513,679,60,3,241,407,198,204,478,292,314,-17,386,264,393,104,-23,419
16,34,336,371,310,269,515,432,421,48,147,588,-197,201,177,500,653,89,41,247,411,170,183,508,319,315,-31,394,301,416,98,-14,455
17,106,408,424,319,250,395,600,438,46,111,378,-58,211,171,474,732,200,73,240,400,171,273,524,342,323,-25,438,329,447,124,16,580
18,144,592,415,338,260,467,642,433,53,159,525,-35,225,179,525,813,167,45,253,428,206,301,519,321,321,-9,454,227,410,103,-15,550
19,249,548,451,237,247,494,597,461,52,160,556,-84,230,199,531,789,223,59,265,428,225,238,571,327,341,4,467,287,426,129,3,564
20,269,391,377,126,227,402,513,476,60,160,532,-122,223,180,527,771,237,76,276,420,227,247,616,353,344,12,513,337,482,178,65,632
21,225,333,349,173,249,456,473,537,95,175,522,-155,246,185,517,778,173,80,277,421,216,224,581,342,350,11,476,332,454,160,37,554
22,50,354,280,207,251,558,483,504,60,155,510,-259,221,174,497,723,155,19,250,389,191,129,502,312,317,-18,429,310,452,155,13,512
23,-55,351,326,186,282,574,492,549,82,166,520,-268,225,160,494,703,277,39,239,376,183,167,543,326,279,-41,426,362,451,139,11,547
24,26,348,470,106,305,564,507,696,92,174,530,-244,244,154,494,701,227,84,255,374,182,206,555,322,304,-22,433,397,481,165,25,598
25,27,189,413,175,307,488,487,414,95,172,533,-185,211,144,486,690,151,79,249,364,139,218,525,288,281,-50,405,353,414,87,-36,499
26,85,23,324,308,289,387,479,300,96,164,539,-61,185,138,480,680,269,43,219,372,142,185,590,306,280,-50,416,363,385,116,-6,504
27,189,18,356,384,284,289,378,380,80,148,548,-90,172,118,482,612,241,18,211,346,144,145,628,298,273,-17,431,469,469,160,20,548
28,137,307,297,370,292,344,370,392,90,147,519,-138,207,128,510,587,121,26,226,365,187,136,580,296,296,-17,440,417,460,140,24,556
29,51,543,347,346,282,424,469,412,90,136,557,-156,209,141,521,628,146,16,232,372,198,232,476,289,297,-4,469,183,389,93,20,594
30,102,553,426,283,296,342,528,445,79,150,499,-185,200,152,497,744,201,23,219,382,189,253,479,286,287,14,496,140,360,109,33,640
31,176,484,378,278,321,407,543,494,79,159,533,-140,220,172,548,817,305,60,265,435,237,195,577,326,327,40,500,319,437,150,55,570
32,160,441,261,269,301,691,594,538,86,165,560,-208,228,173,570,796,203,43,266,443,270,183,563,326,343,65,563,335,467,195,138,695
33,163,331,336,230,279,684,569,567,110,180,590,-179,251,197,568,756,184,44,282,452,292,358,578,354,361,76,568,338,479,229,141,707
34,181,435,316,143,256,489,510,470,65,176,626,-150,234,199,584,809,203,76,315,459,308,355,591,367,378,98,585,398,516,270,149,708
35,131,570,366,202,291,460,520,368,72,198,613,-121,263,215,641,878,201,119,316,499,408,333,574,407,403,157,650,365,481,254,152,696
36,165,587,356,143,294,479,557,328,81,173,600,-39,250,203,612,807,200,87,315,499,378,326,589,407,411,146,640,366,499,246,175,697
37,168,506,340,157,280,446,601,419,89,145,545,-26,253,191,571,868,253,91,316,467,188,323,642,397,388,90,468,451,535,261,149,663
38,190,481,334,309,301,513,663,472,58,175,535,-227,228,204,619,897,185,85,282,484,301,223,590,374,381,120,547,387,516,246,130,668
39,65,454,242,293,292,486,616,452,52,180,518,-261,212,192,581,802,238,74,261,461,299,327,609,377,376,108,555,381,529,234,153,690
40,36,408,217,297,252,431,573,443,56,161,475,-204,225,186,572,743,204,104,258,449,285,322,592,372,367,109,566,367,511,236,162,727
41,162,284,277,292,246,402,511,459,66,156,441,-198,188,168,546,724,191,65,229,426,245,238,561,340,333,62,495,320,498,201,86,613
42,146,178,243,241,277,394,515,382,68,163,443,-188,155,152,522,765,191,-3,227,406,250,195,535,296,329,64,488,315,504,203,73,607
43,160,264,243,246,251,282,443,337,60,145,476,-214,162,143,519,735,136,-1,204,398,245,227,537,305,302,36,487,307,461,185,87,656
44,192,426,302,349,257,420,335,390,65,162,554,-178,169,128,527,702,113,-23,199,386,234,232,515,288,298,3,462,283,419,145,50,648
45,162,516,314,392,278,606,456,442,92,173,515,-213,206,141,525,721,106,12,234,381,234,171,484,282,293,-17,443,235,394,124,8,551
46,48,528,272,281,290,556,561,413,98,155,399,-283,224,127,489,712,110,67,223,352,205,173,472,286,285,-29,458,237,418,150,29,599
47,-85,511,299,261,283,384,489,365,69,145,447,-264,190,102,452,649,85,44,193,333,184,125,447,243,251,-52,441,246,378,115,17,563
48,-77,473,347,247,285,455,466,376,57,166,483,-269,162,134,479,637,142,-8,199,348,262,275,499,242,262,-17,496,271,384,124,39,602
49,2,401,256,209,275,560,460,340,46,135,436,-199,134,120,446,614,144,-38,201,328,189,283,486,231,251,-27,478,244,386,142,81,648
50,6,358,126,231,284,433,412,373,59,129,460,-149,161,112,442,638,163,-7,195,341,113,218,469,240,266,-49,416,228,360,170,87,660
51,79,309,201,202,265,210,394,467,68,163,476,-109,205,140,455,678,211,24,231,360,189,239,499,266,277,-37,459,308,393,160,68,655
52,190,265,235,144,292,168,427,539,104,189,449,-103,224,187,462,723,202,-2,253,375,171,238,522,297,294,-53,435,297,393,126,-3,574
53,76,201,214,195,277,318,448,410,62,159,486,-205,169,165,482,627,148,15,245,375,177,151,497,282,292,-62,408,313,383,100,-46,529
54,-28,280,290,249,275,513,465,369,47,165,536,-181,169,166,529,587,138,71,250,401,290,159,490,298,307,0,458,352,390,115,-24,529
55,-77,322,260,159,254,632,443,437,31,171,561,-236,174,153,505,666,64,11,213,379,206,194,470,279,302,-38,455,293,390,139,6,571
56,-2,370,281,160,252,528,532,340,23,176,509,-294,145,153,489,785,67,-37,194,363,48,194,424,254,284,-70,385,131,349,107,-42,498
57,98,383,245,109,258,366,596,151,33,149,522,-425,131,162,507,750,106,-24,217,401,187,198,446,287,311,-18,443,216,394,127,3,509
58,113,355,288,9,244,348,494,226,47,129,460,-285,164,170,478,768,137,3,220,387,194,197,476,288,325,-12,456,260,392,151,37,539
59,36,492,273,42,251,435,498,359,36,144,450,-241,130,172,486,729,-39,-51,208,387,178,160,421,264,332,15,439,250,432,195,62,563
60,-19,533,205,190,267,507,492,390,60,156,565,-243,126,175,500,602,73,-22,227,403,181,261,429,288,351,48,436,245,447,208,57,591
61,-2,418,215,231,274,425,415,354,41,161,644,-207,120,165,502,449,122,-35,210,393,172,176,399,250,315,10,436,57,320,100,18,594
62,116,362,319,240,256,274,491,430,59,148,402,-191,176,184,489,543,112,13,234,393,161,118,437,310,349,29,397,166,387,117,31,460
63,64,299,262,132,247,382,492,362,62,157,380,-201,187,177,506,696,152,63,264,418,212,236,495,371,386,67,458,277,499,210,83,580
64,71,363,144,162,290,548,487,313,71,189,541,-221,211,175,551,769,125,80,301,450,260,272,526,413,399,105,489,274,498,213,80,601
65,76,404,217,185,253,549,486,381,72,181,549,-153,218,181,547,764,144,75,312,453,267,221,511,416,434,128,493,294,514,251,131,585
66,98,408,237,186,247,524,509,452,77,178,572,-207,247,168,556,769,130,96,304,452,233,159,490,404,427,90,463,318,489,220,90,471
67,216,450,235,264,262,484,498,499,68,178,601,-281,255,182,553,768,159,77,323,460,250,261,551,409,456,129,522,387,543,279,171,626
68,234,470,248,203,264,516,499,482,50,177,582,-229,213,169,541,707,196,20,291,456,266,350,556,385,441,127,564,314,530,275,184,695
69,194,540,233,109,273,589,479,465,74,181,482,-249,213,174,538,713,162,36,277,447,254,233,527,383,419,93,513,310,507,261,151,650
70,214,547,361,338,280,534,418,452,110,191,475,-233,235,176,552,759,107,88,284,446,241,217,526,391,434,104,543,366,531,282,171,669
71,274,360,421,427,291,557,413,458,107,171,449,-178,255,168,534,764,135,124,280,438,232,176,526,385,398,71,515,339,491,255,121,620
72,175,278,342,361,278,573,432,410,97,158,467,-57,230,154,511,807,163,86,276,419,241,276,527,340,387,57,538,294,465,229,95,643
73,96,256,379,323,312,609,305,403,100,194,532,22,201,187,553,742,207,58,297,436,254,341,544,357,411,83,594,313,496,266,163,744
74,90,259,354,212,316,601,215,436,82,195,592,-94,203,181,555,710,204,53,287,432,236,218,524,348,374,66,567,357,493,251,159,669
75,11,392,295,251,286,356,700,363,99,153,507,-176,212,169,477,658,160,93,262,373,165,174,500,320,332,4,485,354,448,184,58,531
76,-97,468,304,398,303,120,548,376,107,126,405,-129,229,172,438,618,186,104,253,382,147,189,511,313,310,-9,482,304,408,135,38,597
77,-75,360,293,286,311,300,481,399,71,144,495,-95,200,163,472,654,190,74,249,375,175,229,507,310,290,-13,501,306,412,152,69,604
78,46,253,327,125,307,504,567,404,87,164,498,-117,218,171,497,716,225,46,241,365,183,225,538,314,284,-36,482,290,419,151,37,599
79,78,389,266,177,308,504,469,396,104,174,470,-192,199,182,498,770,194,-6,257,381,204,237,579,333,303,-11,523,348,438,168,56,640
80,19,529,228,213,316,356,387,506,85,174,432,-136,196,180,499,726,131,16,266,374,182,223,563,309,296,-16,484,359,434,171,34,598
81,-3,523,267,176,327,414,457,649,78,166,461,-68,233,173,488,725,162,38,265,388,193,150,530,288,293,-28,483,282,409,127,38,595
82,165,430,312,250,301,302,491,724,103,162,488,-105,289,170,514,743,191,110,271,399,244,145,564,333,307,24,555,360,474,210,126,789
83,304,294,285,342,306,443,487,669,127,202,546,-159,286,192,549,709,254,139,283,419,269,274,613,353,323,39,550,485,496,239,120,793
84,266,294,341,358,271,513,467,546,106,201,551,-108,242,175,556,643,312,105,279,424,271,296,654,345,331,21,533,469,479,196,70,671
85,225,290,350,384,262,523,422,496,88,180,559,-75,269,176,569,569,298,117,273,422,335,202,671,358,349,50,594,426,500,230,96,692
86,218,466,334,359,285,585,552,474,94,186,551,14,263,162,578,661,289,106,254,422,349,138,655,333,321,26,560,376,451,136,2,546
87,187,580,417,364,287,514,592,460,74,191,543,-59,270,143,561,780,266,135,246,380,211,153,677,351,307,0,483,421,491,157,50,645
88,211,538,419,301,296,362,545,429,103,190,530,-159,276,138,556,766,242,162,258,394,238,141,656,380,308,3,492,444,519,195,76,624
89,227,544,406,296,314,365,541,464,101,174,555,-71,267,138,547,772,202,154,261,388,250,348,620,378,310,6,504,399,486,166,22,622
90,140,597,413,346,295,430,471,471,65,171,582,-104,254,125,547,812,214,125,237,382,257,425,617,330,304,5,516,328,430,126,0,619
91,123,648,389,311,299,430,358,440,100,164,586,-240,269,133,516,748,248,105,260,379,233,287,624,350,314,7,505,352,460,154,24,644
92,199,553,401,363,304,558,397,390,109,192,511,-181,277,129,543,686,192,110,262,386,257,82,616,351,296,-20,502,389,461,124,8,591
93,121,403,329,384,284,605,496,519,110,194,384,-86,272,162,571,673,142,147,265,395,349,215,594,349,310,31,617,430,466,153,25,619
94,82,376,309,399,287,478,439,527,96,180,470,-107,230,162,510,571,165,71,238,357,130,213,559,287,267,-19,461,352,397,101,-7,622
95,51,408,227,337,304,600,473,403,96,180,514,-202,213,174,539,669,113,58,238,367,148,256,539,271,250,-53,426,355,355,61,-71,526
96,56,329,104,241,270,618,361,314,68,187,474,-318,169,177,542,594,116,-20,222,379,244,182,522,271,251,-22,491,309,363,46,-30,553
97,143,334,240,160,293,582,356,373,72,201,448,-280,191,184,536,518,169,0,223,381,292,186,539,247,248,-20,520,169,318,18,-78,547
98,161,238,252,94,291,251,289,419,105,179,423,-275,223,169,462,647,101,26,238,348,149,169,531,254,239,-69,463,235,342,25,-88,521
99,192,263,212,119,297,107,282,495,93,147,347,-241,218,160,398,647,96,21,230,318,-15,88,532,243,223,-118,360,260,348,31,-53,517
100,114,272,183,216,282,332,277,504,81,134,310,-243,217,164,394,547,188,35,213,324,86,125,555,242,234,-117,399,303,355,51,-48,514
101,82,260,213,168,307,459,403,419,104,145,399,-232,163,152,409,630,15,-41,206,315,105,176,491,238,224,-112,425,283,380,67,-28,566
102,88,275,289,185,308,508,381,419,115,156,411,-134,181,157,396,580,94,-22,217,302,88,117,480,232,232,-93,437,227,341,32,-69,583
103,119,408,324,303,313,381,360,319,77,148,451,-164,173,145,409,511,-42,-29,207,317,132,92,390,217,233,-92,480,167,340,65,-40,672
104,130,467,348,223,329,477,298,329,61,147,559,-252,177,142,412,469,-28,-18,196,312,91,153,407,199,211,-109,399,160,283,-21,-107,471
105,196,456,282,136,305,452,358,440,82,146,527,-279,190,160,418,508,82,-2,206,326,94,143,465,242,228,-96,402,167,295,-12,-83,479
106,153,422,236,189,277,395,503,465,101,138,292,-162,203,157,399,600,230,-16,237,346,118,138,491,262,267,-68,401,208,327,38,-42,546
107,-15,382,238,190,269,438,388,289,74,133,363,-192,202,141,428,512,116,11,235,339,124,140,530,280,292,-40,420,265,358,88,-24,624
108,-52,378,214,188,274,342,402,260,68,140,426,-441,213,156,470,427,-55,21,251,368,168,248,495,309,297,-13,514,284,404,142,48,803
109,3,429,220,172,284,298,419,336,88,152,425,-359,241,149,470,522,55,63,251,355,136,173,549,327,285,-72,367,337,410,82,-76,382
110,119,480,327,280,284,421,426,356,77,184,507,-219,246,140,510,687,83,98,253,355,150,120,592,332,280,-87,347,356,427,85,-126,287
111,168,507,264,311,242,498,410,356,52,181,483,-247,231,143,473,693,82,72,263,358,152,81,543,325,299,-50,424,243,399,85,-39,544
112,176,448,222,228,237,622,328,355,73,187,490,-246,233,144,473,592,93,75,262,364,173,-65,518,341,326,-8,497,258,405,126,26,705
113,179,232,289,227,291,552,311,395,87,200,575,-250,254,167,511,540,113,108,275,408,274,-305,551,379,363,59,583,336,473,187,91,791
114,105,217,249,174,299,459,304,456,80,179,500,-273,246,161,476,648,148,95,270,375,139,319,553,342,339,0,422,276,448,137,-4,470
115,58,405,202,184,268,571,306,430,58,176,402,-244,247,171,479,680,101,65,279,382,122,209,531,354,353,-16,418,272,472,158,-10,486
116,66,411,252,297,228,501,24,440,51,159,326,-199,229,172,488,581,113,63,282,415,194,93,594,383,391,39,507,340,519,256,113,734
117,167,399,203,342,222,410,316,428,60,149,373,-239,225,182,473,572,52,71,270,415,185,168,543,374,373,35,462,238,454,181,64,606
118,186,246,205,353,227,188,545,484,69,132,329,-226,252,185,456,541,19,51,278,391,169,180,466,354,345,-5,401,213,435,107,-57,432
119,50,271,123,309,252,215,308,436,106,130,320,-254,226,183,455,477,58,-10,256,367,150,130,449,344,338,-18,407,292,474,139,-40,454
120,-47,305,56,214,241,307,288,387,71,125,422,-391,178,182,434,427,20,-30,254,371,104,3,465,321,324,-55,332,280,428,101,-71,379
121,-54,205,82,191,270,331,151,393,82,173,361,-435,190,197,469,461,15,-13,259,373,102,42,414,292,306,-70,339,228,372,34,-111,307
122,-47,105,169,264,287,395,224,372,74,190,340,-322,174,214,493,549,17,-56,257,393,123,106,402,285,319,-36,373,142,335,44,-102,379
123,-43,198,186,191,261,280,280,219,50,159,353,-281,168,158,448,505,-47,-74,232,362,87,24,324,238,270,-91,241,10,245,-51,-236,107
124,12,237,275,197,228,259,231,161,49,136,281,-352,187,168,425,433,-3,-30,245,361,62,-30,385,259,286,-114,208,130,273,-66,-246,50
125,63,211,260,155,209,321,200,344,65,126,279,-526,169,161,418,471,-81,-57,245,338,53,-51,362,234,265,-96,245,75,247,-64,-185,260
126,64,229,114,166,202,367,238,305,55,111,305,-440,188,157,398,444,-97,-14,240,331,35,-37,384,256,260,-102,242,106,280,-21,-167,243
127,92,347,170,154,202,310,259,357,36,117,333,-276,184,165,421,424,-61,-39,232,336,86,-9,370,269,273,-95,275,43,295,-12,-153,282
128,86,433,112,91,210,409,252,409,26,161,445,-121,146,190,486,388,-75,-46,232,385,258,-42,377,279,300,-21,369,125,341,21,-114,350
129,24,495,91,158,221,434,152,425,42,132,510,-240,158,159,462,470,-55,-7,227,377,289,-65,413,271,289,-19,413,149,309,-20,-160,278
130,-2,550,150,198,248,464,82,450,66,169,550,-309,185,159,398,662,27,-34,212,316,-93,16,473,276,260,-99,241,208,350,37,-131,354
131,-96,466,146,270,273,527,209,485,81,168,329,-213,203,155,411,630,51,-11,237,314,25,27,455,292,278,-71,279,194,352,21,-91,392
132,-74,326,199,293,294,543,401,422,74,146,219,-285,204,139,402,540,63,36,239,331,90,24,460,296,285,-66,354,196,365,37,-76,411
133,-62,249,208,178,300,542,273,295,54,158,267,-369,187,131,377,547,57,8,204,303,54,10,440,272,241,-106,297,189,358,30,-120,357
134,50,324,161,164,294,568,292,256,35,166,379,-380,163,120,385,530,-3,-48,169,278,67,77,400,230,227,-127,311,175,333,36,-109,378
135,142,399,223,236,293,479,332,298,52,141,336,-296,186,109,387,410,49,-37,180,282,51,14,413,243,230,-121,289,217,363,56,-70,386
136,73,356,253,336,306,292,324,317,87,136,330,-259,195,133,404,426,96,-15,190,312,70,-36,474,280,265,-80,335,232,379,80,-54,433
137,-19,379,80,329,288,172,320,349,61,152,408,-225,196,135,442,447,66,29,211,344,110,-11,517,315,304,-41,387,316,427,123,0,478
138,6,428,87,290,264,96,361,449,96,159,399,-156,217,154,466,497,100,53,249,366,136,116,590,344,312,-20,395,515,523,167,46,515
139,87,337,167,306,246,361,313,524,87,154,370,-123,209,148,441,558,72,41,218,344,101,48,527,307,274,-61,340,324,424,86,-45,440
140,215,343,227,374,266,408,340,557,82,149,477,-286,213,141,434,636,50,21,208,338,120,101,430,279,251,-53,382,8,307,24,-67,500
141,304,388,296,422,282,139,391,610,99,126,387,-321,231,150,434,629,110,32,223,353,138,95,498,313,283,-11,450,160,388,109,21,635
142,203,306,210,302,249,144,389,513,107,103,352,-219,222,158,439,613,121,39,218,339,122,42,527,310,279,-43,378,283,422,95,-41,451
143,112,355,227,192,266,296,392,496,122,115,340,-263,211,137,427,637,78,-2,216,319,129,147,488,284,279,-59,374,203,394,113,-28,429
144,120,184,234,190,263,439,353,503,74,107,361,-403,167,133,441,607,-5,-34,211,314,127,164,492,291,283,-63,410,210,405,144,-18,470
145,140,145,201,106,236,497,319,389,22,101,366,-514,135,129,440,527,30,-35,187,293,106,80,432,248,238,-89,391,184,356,40,-111,447
146,71,284,202,139,240,445,328,249,41,133,394,-465,127,143,430,504,62,-19,164,279,111,51,367,200,210,-96,381,53,296,-1,-108,451
147,60,417,251,101,264,174,340,176,66,147,449,-262,127,154,454,532,0,-62,170,307,137,-10,402,219,222,-71,380,141,331,35,-93,451
148,52,550,197,58,265,299,371,128,37,164,476,-310,98,147,480,580,16,-104,155,318,198,71,432,220,225,-59,433,231,368,69,-64,503
149,93,563,240,139,314,568,366,227,30,196,446,-309,123,144,489,597,21,-64,160,314,228,79,400,197,209,-45,451,99,325,29,-87,542
150,122,502,256,154,301,535,386,304,22,188,477,-283,140,127,452,625,-5,-44,162,295,44,28,381,212,192,-125,298,29,283,-6,-150,402
151,196,386,276,203,282,566,367,337,18,170,452,-319,101,98,436,630,-22,-57,150,282,57,-368,376,194,181,-146,302,70,282,-28,-158,357
152,198,320,281,219,277,602,370,342,42,141,428,-327,126,96,424,653,-4,-63,149,258,89,171,404,197,178,-150,310,87,275,-33,-185,317
153,137,411,240,183,294,575,325,363,38,155,364,-266,148,118,400,604,64,-72,154,262,78,191,422,209,193,-148,327,138,305,-23,-156,355
154,26,508,220,173,288,511,328,428,63,150,415,-225,181,117,417,618,57,-50,165,290,92,120,419,228,212,-109,354,173,324,-8,-123,427
155,13,601,228,285,277,387,351,395,80,155,437,-225,197,150,436,582,57,12,215,316,117,243,473,277,254,-51,426,222,400,61,-50,527
156,37,421,289,269,262,351,419,411,76,137,427,-203,169,152,421,591,56,11,222,316,166,262,460,265,254,-51,477,195,380,68,-66,556
157,55,274,319,283,252,313,405,413,94,131,424,-164,200,154,421,596,69,27,212,305,148,146,467,264,231,-63,454,178,357,46,-62,542
158,-18,210,188,285,265,289,392,223,95,149,455,-190,186,160,400,663,108,30,207,316,134,141,487,266,228,-52,443,243,364,60,-76,518
159,-114,171,141,289,230,487,314,323,51,143,433,-253,147,137,384,687,68,-50,183,293,117,116,458,215,199,-74,435,165,319,3,-93,500
160,-5,327,181,319,251,507,354,379,62,118,431,-243,147,137,379,636,29,-95,171,274,69,70,394,196,178,-95,390,121,266,-47,-180,417
161,165,434,185,303,260,396,441,342,81,136,445,-232,168,138,405,639,26,-40,172,289,95,73,359,205,187,-106,371,163,272,-47,-193,419
162,195,407,235,267,286,433,479,384,92,131,445,-237,160,147,438,603,4,-34,175,299,89,-23,335,214,187,-115,332,137,264,-48,-188,377
163,116,349,298,167,268,457,443,453,105,138,449,-338,180,144,439,621,25,-27,196,305,119,56,360,221,214,-92,362,148,289,-23,-182,419
164,36,390,136,135,238,420,400,407,66,146,445,-450,161,142,458,437,39,-47,179,329,109,39,382,227,222,-87,375,147,327,6,-113,486
165,138,335,179,81,255,253,230,404,69,163,454,-381,181,143,471,384,-23,-55,182,355,129,6,359,228,223,-69,366,118,306,0,-136,458
166,133,348,189,139,250,215,-50,404,104,144,474,-318,197,149,492,568,57,-53,182,329,138,41,397,230,229,-69,321,138,313,-16,-164,365
167,11,374,81,363,272,427,414,383,103,172,567,-299,149,131,509,646,-3,-98,158,330,145,-10,338,201,216,-72,336,114,286,-52,-162,371
168,-36,393,180,372,286,591,410,382,70,214,566,-317,91,126,507,416,-56,-133,145,327,181,-46,305,167,193,-78,349,60,240,-73,-177,390
169,98,393,188,415,289,515,322,344,78,193,548,-315,141,144,555,500,-90,-64,161,339,253,-8,324,186,209,-48,399,68,242,-55,-171,426
170,204,385,216,420,293,280,429,342,97,158,321,-323,183,149,479,727,-31,-19,168,319,68,8,347,199,226,-74,330,111,243,-34,-150,421
171,198,336,263,373,274,364,300,364,97,175,392,-332,168,136,465,706,-39,-49,170,320,79,55,332,184,215,-94,338,107,235,-55,-165,416
172,70,319,261,356,278,567,297,348,94,182,411,-278,150,160,483,656,18,-55,184,327,106,99,361,210,219,-113,312,114,240,-70,-177,341
173,-50,189,170,258,296,627,287,352,76,155,405,-284,144,140,448,556,42,-88,169,287,78,34,370,181,188,-118,314,78,215,-93,-203,413
174,-2,337,200,186,316,575,289,348,104,170,387,-248,193,158,456,560,77,-16,205,339,113,54,377,194,208,-95,342,100,257,-54,-167,454
175,62,500,229,127,294,437,329,340,91,166,418,-177,178,144,439,594,-33,-45,198,322,75,13,347,191,188,-137,293,79,243,-79,-188,352
176,98,481,260,17,270,196,338,376,68,162,442,-178,168,140,437,633,-15,-18,199,306,100,7,377,220,195,-117,331,169,254,-78,-197,333
177,181,323,285,113,295,378,299,384,87,181,469,-312,200,158,464,624,46,23,218,333,210,52,416,253,252,-57,453,174,272,-21,-156,419
178,175,349,303,209,312,589,409,568,120,193,512,-302,238,189,460,612,157,51,245,341,77,136,463,270,264,-69,364,187,299,8,-118,429
179,163,416,229,244,296,486,513,418,88,166,419,-333,185,182,440,677,-31,-18,207,330,34,142,392,235,223,-88,303,111,296,-13,-122,429
180,249,467,249,285,298,437,441,285,93,148,362,-311,186,182,436,652,-128,-33,215,324,123,114,352,223,222,-60,417,87,298,0,-133,469
181,267,496,274,356,313,426,493,324,91,166,438,-281,180,180,440,627,-2,-14,193,308,124,18,378,214,216,-98,372,130,275,-44,-174,377
182,177,442,243,285,276,460,461,359,112,171,402,-259,199,159,461,621,-20,5,209,345,220,9,393,250,228,-64,457,186,274,-34,-137,448
183,162,401,279,280,286,445,443,398,109,163,435,-228,225,180,461,715,49,56,248,366,165,145,463,282,260,-38,445,284,363,52,-70,504
184,185,465,356,342,320,436,435,458,110,160,426,-153,239,173,448,722,171,71,258,355,81,167,474,285,267,-61,374,290,387,49,-96,493
185,181,554,388,352,334,464,448,468,120,157,415,-160,231,154,455,684,23,30,242,338,139,104,411,246,237,-53,410,138,275,-42,-123,479
186,150,510,415,302,334,435,456,445,114,144,411,-216,204,148,437,691,90,23,215,338,129,72,430,248,233,-67,395,158,264,-44,-132,507
187,134,363,371,175,315,488,422,355,108,141,438,-209,216,156,450,664,168,22,219,332,140,135,451,265,248,-67,373,249,285,-12,-119,452
188,141,375,306,211,305,456,422,347,98,164,509,-215,200,155,464,623,114,17,226,329,148,227,462,270,231,-64,380,253,280,-27,-131,459
189,101,547,253,264,286,543,443,529,120,186,518,-278,191,145,481,652,-84,-18,193,328,138,165,362,206,193,-89,373,11,188,-85,-147,458
190,95,604,241,256,306,470,423,516,109,197,516,-310,207,165,510,738,-43,-23,211,349,166,170,350,204,207,-66,379,7,218,-62,-131,461
191,29,499,328,231,300,256,450,516,123,190,424,-305,236,187,501,649,71,-5,243,369,179,93,361,225,239,-59,387,93,288,-10,-88,466
192,62,344,305,396,273,294,442,468,131,161,410,-416,240,167,489,585,27,-16,242,367,190,147,379,224,252,-40,418,112,316,34,10,599
193,170,245,316,336,291,263,359,505,126,152,418,-327,276,180,489,658,50,28,231,376,187,232,395,235,246,-29,453,136,262,11,-23,676
194,155,227,336,288,282,167,329,546,129,145,405,-187,259,175,490,678,175,44,230,361,123,82,440,221,235,-97,328,206,267,-60,-155,421
195,189,242,293,336,290,277,364,386,86,159,448,-306,176,167,493,679,-136,-60,207,346,109,33,381,188,226,-90,299,145,254,-47,-162,346
196,180,162,304,356,279,476,340,319,81,166,428,-288,182,166,487,657,-38,-82,197,324,101,124,360,161,208,-83,350,112,212,-76,-172,435
197,140,184,207,330,308,582,430,339,79,184,489,-180,170,158,487,590,62,-96,177,332,87,91,332,152,190,-91,307,40,181,-114,-218,374
198,70,297,213,261,285,507,435,318,74,163,469,-319,130,153,484,553,-55,-112,141,339,102,47,320,158,211,-95,315,70,218,-61,-155,363
199,100,458,266,257,290,477,442,332,65,167,497,-347,134,172,510,637,40,-46,167,357,120,21,377,170,241,-85,325,134,276,-29,-136,405
200,61,484,303,290,309,529,399,366,64,149,509,-335,158,157,493,689,8,-20,164,333,104,55,375,178,217,-95,295,130,269,-36,-149,384
201,55,454,245,283,294,572,401,338,59,149,521,-330,134,157,478,694,-48,-28,163,345,121,104,386,183,213,-79,323,143,287,-24,-138,391
202,172,475,267,270,311,476,381,463,48,174,504,-225,136,151,484,629,66,-40,174,347,156,157,459,186,223,-55,371,188,317,5,-98,416
203,168,534,267,325,320,501,457,498,68,163,475,-227,171,156,500,661,95,-21,178,360,162,116,414,197,217,-48,393,153,283,-8,-98,422
204,157,499,248,277,286,538,480,330,58,171,503,-311,176,176,516,656,112,-8,182,351,194,116,395,218,221,-56,393,148,261,-7,-117,436
205,180,454,223,235,272,574,436,373,79,180,622,-361,184,183,534,547,-1,-7,190,362,278,128,402,220,229,-44,419,151,274,-4,-76,452
206,214,486,266,301,284,449,399,429,75,158,562,-353,191,157,484,665,45,-11,178,335,208,107,399,216,210,-68,379,142,265,-14,-105,451
207,264,517,362,319,295,338,483,449,108,127,287,-279,215,144,397,716,79,-24,174,300,-15,156,426,221,202,-147,297,167,257,-14,-115,455
208,198,605,287,270,318,416,428,377,81,166,432,-274,174,125,456,586,72,-56,180,320,91,96,433,193,201,-117,318,166,247,-45,-136,417
209,213,580,263,246,328,474,400,348,53,186,476,-229,142,130,483,636,97,-40,173,330,94,119,415,195,193,-105,354,196,288,4,-89,481
210,177,337,349,207,331,510,322,364,86,149,396,-178,160,120,438,596,74,-10,162,294,53,49,405,193,195,-107,347,215,309,19,-81,526
211,121,263,309,320,325,585,389,356,82,163,418,-236,164,128,445,661,101,-1,186,307,95,88,430,202,218,-77,393,210,303,31,-68,568
212,39,161,206,343,296,473,319,310,61,164,397,-292,127,107,425,616,120,-37,168,299,56,102,446,179,199,-92,346,275,285,1,-115,454
213,86,203,291,303,282,51,303,401,86,153,368,-244,138,120,398,577,157,-44,167,290,76,77,479,182,206,-101,349,307,312,29,-87,487
214,106,333,297,171,271,273,311,391,76,154,327,-188,136,131,409,468,189,-58,150,295,91,69,446,164,188,-94,345,176,259,-20,-117,412
215,94,362,251,77,284,512,337,329,62,154,417,-204,134,126,433,427,103,-44,140,299,131,56,424,172,172,-104,325,144,242,-40,-154,288
216,72,396,242,159,294,568,279,464,81,149,558,-299,178,139,432,564,95,-27,143,313,60,84,436,218,201,-108,291,196,312,8,-131,371
217,81,337,207,144,282,425,420,511,79,156,485,-297,172,142,417,621,55,-11,161,301,16,37,449,241,220,-103,248,209,323,29,-114,391
218,150,237,292,222,279,336,462,464,78,145,369,-204,132,158,410,604,78,-38,186,322,82,40,497,249,244,-72,287,179,337,25,-111,401
219,238,390,426,320,269,300,400,463,84,152,407,-191,173,170,423,615,108,3,206,361,150,-65,516,272,272,-52,342,163,364,20,-108,409
220,206,504,369,243,245,440,447,428,79,144,413,-181,162,175,449,626,55,-21,210,359,215,24,452,261,269,-56,429,178,351,27,-93,464
221,209,521,317,306,262,491,509,427,92,134,437,-208,182,167,416,714,31,-25,212,316,-2,175,396,243,236,-102,246,217,329,4,-129,405
222,196,520,331,349,274,445,486,480,111,166,442,-318,217,168,450,721,94,33,210,335,74,144,463,279,269,-55,269,352,390,30,-105,405
223,170,545,316,312,281,458,371,402,92,169,458,-342,188,165,461,609,89,9,185,325,90,89,467,246,261,-59,303,388,396,40,-85,449
224,134,614,312,194,295,573,139,204,71,188,503,-208,143,148,461,591,40,-97,171,324,70,76,408,197,226,-100,283,157,296,-15,-132,421
225,121,560,252,257,316,525,535,272,65,190,490,-348,132,143,478,638,10,-111,160,332,115,148,341,158,214,-90,309,-99,221,-53,-132,446
226,44,455,227,304,308,443,520,390,74,149,445,-595,165,135,465,637,-2,-66,152,322,109,125,328,190,229,-106,284,0,235,-38,-130,414
227,-56,249,253,203,298,371,383,420,97,146,459,-503,208,132,468,635,22,-34,181,315,101,53,368,208,226,-89,292,142,260,-21,-92,434
228,-27,67,259,330,297,429,411,496,103,175,466,-319,190,123,484,671,26,-98,180,333,129,21,390,210,230,-64,327,83,258,-7,-89,465
229,82,82,205,388,276,542,347,411,75,196,489,-332,124,136,500,656,-56,-141,149,330,123,134,340,177,215,-81,301,-18,220,-30,-98,435
230,153,181,181,301,275,437,274,420,74,187,483,-305,161,140,491,577,-30,-57,173,321,83,245,331,177,208,-92,255,43,229,-36,-136,409
231,200,259,170,103,277,534,281,383,80,193,420,-200,145,141,470,464,-9,-68,159,309,70,-3,345,161,196,-118,250,55,204,-82,-166,365
232,133,354,164,189,273,548,300,369,88,183,404,-238,129,135,450,413,-98,-109,144,290,52,7,353,157,191,-123,253,104,236,-40,-136,423
233,129,491,290,286,285,447,284,468,112,144,272,-280,159,140,419,483,1,-53,165,297,75,41,372,200,212,-94,312,139,281,54,-51,552
234,216,481,306,267,315,368,337,444,95,150,339,-239,179,140,421,550,161,-37,185,317,73,3,378,227,236,-102,265,134,293,52,-82,411
235,119,405,180,301,304,251,404,338,81,143,356,-201,166,132,398,553,-33,-54,197,323,37,132,368,216,236,-115,229,176,281,-3,-135,312
236,86,400,240,266,303,241,385,336,113,118,356,-280,197,171,400,425,65,-7,219,327,40,116,437,251,254,-101,263,230,265,-68,-209,317
237,68,424,325,256,286,402,389,304,86,136,379,-282,189,165,405,475,37,-3,191,317,48,67,410,246,261,-104,279,131,243,-70,-187,352
238,106,431,218,229,300,492,387,344,78,165,378,-239,180,181,419,616,23,-5,220,337,53,80,373,241,288,-88,292,-69,240,-34,-122,437
239,150,442,248,124,305,425,432,445,78,154,398,-185,176,166,426,706,37,10,206,330,81,155,374,248,281,-67,282,-21,248,-12,-122,371
240,163,483,345,123,255,330,406,541,69,139,386,-207,191,166,414,658,57,-14,214,325,92,133,403,247,290,-62,303,87,299,43,-83,397
241,238,487,362,227,271,344,414,424,51,144,479,-262,191,177,455,589,64,-19,237,358,197,132,393,265,289,-43,357,65,275,4,-91,433
242,264,475,349,244,256,381,433,467,59,141,436,-199,213,198,460,697,41,-28,236,376,223,130,382,272,312,-25,357,106,269,-34,-136,367
243,203,471,363,245,273,313,432,533,94,121,406,-308,222,172,423,809,50,-9,222,338,0,158,403,267,299,-81,268,141,308,19,-117,395
244,167,478,329,250,271,328,391,488,67,147,432,-355,178,161,441,681,92,-7,208,342,82,222,406,263,256,-66,307,140,297,10,-114,447
245,108,555,203,82,268,437,369,397,45,172,521,-261,152,158,447,642,16,-23,187,346,92,58,356,207,228,-83,275,103,258,-58,-190,321
246,106,542,252,208,283,326,379,397,76,195,582,-242,166,175,482,635,30,-34,176,350,103,26,344,186,227,-94,279,99,221,-69,-169,371
247,161,354,240,376,265,273,512,441,84,156,337,-247,171,175,444,606,11,-55,168,315,99,60,343,170,204,-104,251,72,170,-84,-209,350
248,172,256,225,386,252,410,433,433,64,154,379,-265,167,147,440,589,-5,-92,138,296,118,44,313,159,172,-113,271,23,168,-88,-220,363
249,201,274,234,387,279,377,360,423,70,173,474,-302,140,143,464,574,11,-102,126,323,183,19,293,150,162,-79,308,-4,146,-106,-200,331
250,183,207,314,316,278,362,311,403,53,156,434,-281,143,147,452,565,-3,-60,138,311,118,-6,332,140,169,-87,273,45,185,-81,-177,345
251,161,230,315,224,284,595,318,407,63,161,510,-277,156,149,482,597,0,-46,137,303,15,27,341,145,179,-114,218,107,218,-39,-139,395
252,126,338,288,235,254,553,425,419,65,154,401,-242,143,138,468,498,-35,-71,149,330,117,118,364,163,198,-65,310,174,271,14,-118,496
253,120,408,255,249,235,545,385,348,53,162,444,-252,155,154,493,498,-54,-89,173,348,148,113,387,180,212,-35,370,180,288,28,-97,628
254,187,324,296,167,253,567,435,319,71,193,532,-276,174,171,514,583,-2,-14,180,343,134,120,392,204,219,-69,287,134,248,-41,-160,331
255,64,317,310,42,224,321,365,372,73,173,496,-346,180,147,470,646,25,-4,172,328,116,120,330,190,198,-79,301,36,181,-99,-186,388
256,4,306,371,112,230,420,368,362,48,156,527,-237,162,133,491,649,105,-34,157,323,129,144,387,204,229,-78,301,130,239,-72,-184,329
257,0,282,301,283,270,736,411,219,63,176,485,-198,137,144,509,670,146,-55,164,349,141,158,435,194,227,-66,354,159,263,-41,-135,380
258,8,357,241,239,281,775,428,318,48,197,432,-254,134,142,505,694,98,-59,156,322,130,28,428,176,200,-86,357,130,222,-83,-128,439
259,-12,402,312,220,285,482,388,346,26,176,389,-210,124,118,457,708,-6,-60,141,299,129,52,427,191,174,-90,309,172,219,-70,-184,365
260,-59,395,314,301,270,465,335,366,75,166,419,-214,140,108,445,668,68,-37,138,288,98,138,433,201,169,-103,266,216,301,-26,-178,346
261,-45,349,271,360,291,511,345,374,61,163,357,-242,131,102,430,679,87,-20,129,289,102,214,432,188,173,-101,275,199,278,-16,-161,385
262,104,338,321,292,299,269,455,383,48,163,392,-296,119,104,436,676,21,-75,116,287,142,103,360,136,166,-83,323,1,139,-84,-168,471
263,287,370,421,294,297,265,498,429,57,159,409,-321,132,120,434,687,-6,-79,134,294,138,147,343,136,185,-92,311,-37,123,-142,-207,396
264,322,489,322,263,282,399,468,434,57,128,354,-294,143,136,413,641,77,-12,155,297,116,213,418,189,218,-95,271,97,198,-107,-244,298
265,361,557,327,238,289,286,446,456,57,121,369,-267,183,144,415,656,95,30,182,325,137,200,435,227,249,-71,322,131,239,-42,-163,379
266,366,492,467,294,278,308,467,554,83,138,432,-246,226,156,431,660,21,35,213,336,159,273,419,264,274,-54,370,158,280,7,-108,439
267,335,465,381,262,265,463,363,463,20,139,438,-193,200,145,445,650,-28,9,196,325,147,219,454,238,261,-81,371,151,260,-8,-88,444
268,351,506,399,221,275,420,377,363,14,172,440,-140,114,147,455,555,81,-105,158,322,164,-34,406,187,224,-87,357,106,199,-59,-176,393
269,313,516,345,246,265,424,112,388,63,169,464,-248,139,174,483,550,-19,-87,177,321,242,88,292,176,216,-69,424,-1,155,-81,-169,412
270,220,463,341,347,253,212,317,413,77,135,453,-288,182,160,421,610,57,-21,173,287,29,100,398,201,197,-106,273,103,200,-62,-172,390
271,122,457,318,374,222,92,533,437,75,106,398,-239,175,152,405,652,162,-33,183,278,67,54,415,187,187,-110,285,102,202,-64,-190,384
272,5,315,264,308,238,376,358,423,48,125,406,-258,140,137,429,563,104,-75,169,277,100,50,361,160,182,-134,302,32,159,-102,-209,375
273,5,295,288,299,300,421,435,415,61,145,415,-285,163,133,435,514,-34,-72,162,280,97,85,346,162,173,-117,298,32,180,-89,-199,425
274,88,400,329,297,296,374,415,418,81,139,424,-175,199,144,448,508,52,-31,180,291,102,116,370,200,197,-116,284,53,199,-81,-190,351
275,82,416,289,162,261,459,361,469,112,140,462,-185,220,135,455,589,110,-4,185,289,114,130,363,204,195,-112,298,85,219,-46,-179,371
276,70,501,210,220,279,462,421,504,91,143,486,-265,190,122,460,729,4,-52,185,285,119,147,322,194,180,-125,321,114,221,-50,-171,395
277,60,440,173,301,282,532,397,530,67,171,401,-242,155,115,445,698,-14,-69,164,288,112,162,352,191,192,-114,340,121,235,-32,-138,448
278,114,280,180,168,283,595,368,492,91,190,459,-185,170,133,471,660,34,-39,181,299,140,100,409,220,214,-111,315,149,242,-38,-141,445
279,175,273,258,190,291,604,336,494,111,170,442,-204,198,153,455,626,39,-34,188,288,130,34,436,240,217,-111,329,138,251,-55,-166,428
280,160,304,258,236,275,480,311,481,132,191,440,-214,208,161,452,596,50,-26,198,314,124,155,442,262,245,-75,363,171,299,6,-132,451
281,180,333,201,183,256,386,316,506,134,178,469,-152,227,173,476,621,79,-6,219,356,168,260,448,266,283,-44,372,201,314,19,-89,480
282,224,404,323,149,272,415,351,407,98,190,566,-244,204,188,531,649,89,-12,218,372,215,197,473,284,277,-23,413,178,268,-12,-115,470
283,165,351,380,131,241,471,282,362,86,185,648,-286,194,183,548,579,-7,10,225,387,319,-1,482,307,302,-1,465,229,309,29,-87,496
284,175,291,432,178,275,557,271,460,103,191,615,-167,232,194,510,555,-10,56,240,380,293,82,492,309,308,-18,425,267,326,47,-80,562
285,203,336,439,299,251,371,360,449,90,130,315,-136,219,180,447,755,12,66,236,345,137,159,548,328,299,-51,367,368,380,78,-61,572
286,74,375,392,345,236,382,407,464,100,134,371,-177,210,172,430,762,85,43,228,327,30,-5,497,290,257,-103,290,231,273,-7,-180,444
287,40,466,329,312,257,504,498,412,94,157,450,-236,231,182,467,702,157,56,227,345,142,175,442,298,289,-67,322,147,283,2,-111,448
288,139,350,355,257,248,471,448,281,96,166,468,-387,262,208,476,707,105,103,249,368,156,254,447,312,319,-48,354,183,315,5,-105,449
289,145,240,392,260,254,471,448,255,79,173,498,-298,239,195,489,711,125,60,246,374,174,152,450,325,305,-41,372,163,281,-24,-148,458
290,125,335,404,325,269,375,458,413,92,141,409,-22,239,180,465,698,148,44,257,366,149,43,433,316,320,-27,374,87,253,-26,-137,431
291,17,449,393,368,252,232,411,487,111,156,405,107,253,191,469,646,116,79,249,362,154,289,663,352,358,-19,370,280,355,37,-78,420
292,68,508,396,417,263,193,429,522,101,159,441,-70,261,186,481,594,251,140,264,350,179,221,876,372,334,-7,363,186,331,17,-67,439
293,179,395,369,391,275,416,450,468,96,159,476,-270,221,169,491,564,111,50,223,351,195,160,451,318,312,1,367,146,284,3,-95,421
294,257,425,381,377,299,546,447,536,128,205,508,-198,239,186,512,589,54,58,226,376,192,199,340,332,316,5,392,156,310,32,-83,461
295,240,473,390,348,273,505,385,523,92,195,491,-157,226,176,492,604,82,52,226,367,158,241,310,317,310,3,383,214,331,62,-46,533
296,124,428,321,345,265,417,366,411,63,176,492,-176,191,162,465,668,36,15,212,342,141,135,340,285,314,-26,395,173,316,39,-28,519
297,63,421,278,294,261,448,354,411,83,178,504,-234,207,163,464,692,4,0,210,345,150,87,338,284,317,-19,428,135,294,35,-76,524
298,167,448,321,292,289,559,316,423,103,204,545,-204,207,178,493,693,6,-23,213,361,150,180,333,282,314,-9,432,86,259,11,-73,566
299,276,422,388,307,321,676,307,482,112,212,540,-176,239,184,489,685,86,13,231,349,144,168,391,298,306,-24,371,153,261,-1,-112,410
300,303,424,280,297,294,558,339,438,75,223,492,-195,237,193,498,678,87,11,232,364,153,216,406,307,325,-17,337,197,298,7,-140,317
301,200,357,254,237,287,584,270,435,105,233,484,-224,225,200,495,666,37,31,240,366,158,148,389,341,325,-18,379,177,324,42,-68,446
302,73,267,206,245,287,533,350,472,109,201,499,-261,239,201,487,647,30,10,248,357,144,72,395,323,324,-14,347,173,323,43,-62,413
303,96,263,299,356,269,278,523,519,129,175,365,-207,265,218,479,644,135,64,259,371,138,130,413,341,334,-16,338,208,338,51,-49,462
304,142,376,259,303,250,237,389,521,125,152,373,-236,241,202,481,626,59,39,247,382,162,184,395,331,321,-23,351,203,335,36,-99,443
305,74,386,194,332,241,405,319,581,136,142,390,-252,219,194,466,524,-22,-28,210,350,134,126,351,289,308,-56,322,88,265,2,-125,431
306,13,285,141,205,251,541,308,502,113,152,366,-271,192,180,442,450,10,-40,211,323,86,-18,359,277,301,-72,249,116,279,23,-84,422
307,-22,313,242,241,233,517,308,465,105,132,394,-354,189,167,443,576,-34,-29,197,339,106,35,376,300,307,-63,286,236,358,85,-21,451
308,92,393,315,311,247,403,338,544,113,144,382,-242,187,160,446,678,-10,-11,208,353,112,70,420,322,324,-44,327,299,393,87,-48,448
309,287,499,449,289,269,367,359,500,107,165,419,-134,182,156,471,665,93,-12,218,349,169,99,437,314,327,-46,321,320,345,-10,-182,286
310,305,485,462,326,266,422,461,378,75,182,486,-227,146,142,493,637,77,-50,178,355,249,87,414,285,318,0,404,258,295,-17,-156,392
311,320,502,459,311,286,300,498,404,90,174,470,-336,209,151,479,671,-16,5,200,333,62,149,396,291,316,-42,305,42,242,-13,-136,426
312,296,452,399,239,295,441,431,411,122,184,469,-281,241,164,495,710,34,-1,222,359,142,189,334,289,321,-12,369,-114,209,-54,-118,460
313,267,451,422,338,286,621,442,480,135,167,523,-251,229,173,501,619,117,10,206,360,168,153,370,302,302,-21,406,-4,210,-52,-121,453
314,284,522,400,278,286,570,511,459,135,171,503,-267,222,170,490,548,155,-11,231,355,161,234,446,294,293,-26,392,94,238,-24,-116,472
315,278,437,429,302,292,465,471,458,122,165,511,-209,223,167,502,566,165,-1,227,364,183,237,435,290,293,-5,423,129,260,-6,-98,522
316,267,345,473,439,296,368,413,569,132,174,506,-179,285,175,486,629,92,83,244,379,165,191,479,315,290,-5,412,219,328,31,-85,511
317,272,272,409,477,276,355,152,625,114,192,470,-143,276,182,499,661,96,136,243,370,156,226,481,314,286,-5,428,180,312,27,-58,543
318,162,307,458,432,269,382,312,627,103,181,473,-62,181,198,506,687,182,24,217,363,204,252,445,276,280,-12,465,138,271,33,-41,589
319,26,437,394,394,239,368,703,627,98,158,468,-8,228,187,508,723,176,70,220,358,245,290,471,273,268,-1,490,207,272,25,-49,572
320,67,470,323,400,262,471,493,525,110,180,511,-39,252,193,542,710,129,25,222,397,303,231,489,265,272,22,523,217,283,29,-57,556
321,126,384,376,346,278,523,482,418,121,201,585,-69,208,195,539,806,121,0,208,389,209,209,509,268,274,-13,441,185,298,55,-56,552
322,208,312,429,263,273,645,483,411,106,220,663,-145,199,196,549,811,142,1,209,376,177,267,487,259,278,-19,437,186,276,31,-38,593
323,285,480,457,292,320,718,478,417,95,239,676,-79,211,205,561,799,167,29,209,378,232,303,479,273,304,21,487,224,310,69,-7,634
324,323,563,444,362,297,627,480,330,108,213,428,-69,226,198,531,769,190,66,244,392,204,246,531,311,331,25,482,347,375,118,40,676
325,318,556,498,412,283,497,494,378,135,205,435,-191,234,205,552,773,218,100,269,431,274,323,557,355,370,83,605,373,450,227,194,970
326,213,457,500,395,303,461,531,546,137,209,570,-197,258,210,564,803,231,113,276,416,243,164,539,337,345,53,483,306,369,80,-32,464
327,216,312,468,380,283,432,447,590,129,179,496,-100,269,201,518,763,225,80,263,376,203,171,503,316,328,29,420,142,271,-8,-92,301
328,299,352,400,254,277,387,415,548,118,168,514,-109,241,188,542,679,156,71,257,391,239,249,529,326,344,52,505,171,332,92,33,562
329,317,428,461,352,302,453,511,627,133,201,580,-47,257,196,557,689,205,125,263,409,245,212,571,334,347,28,497,257,322,49,-35,547
330,241,417,380,371,309,426,530,649,155,181,648,13,315,197,563,710,291,183,274,418,218,334,595,359,350,47,440,328,378,92,-41,466
331,319,532,409,344,285,165,572,629,144,197,725,-7,311,196,584,720,272,161,271,430,258,326,584,361,362,87,524,327,429,181,77,605
332,315,551,482,290,280,335,599,678,140,202,647,-29,287,214,607,719,219,99,270,435,348,300,619,365,373,96,571,376,444,184,45,637
333,333,466,481,303,291,543,538,706,147,191,610,-47,301,197,604,696,211,61,250,407,399,234,570,326,339,49,545,298,334,38,-93,512
334,380,403,536,331,317,532,458,789,169,191,519,-33,317,194,556,863,284,105,266,421,264,333,585,358,353,52,537,281,376,94,-23,615
335,257,478,472,348,321,573,456,711,161,201,547,-179,315,199,557,851,248,129,264,405,161,331,594,361,348,26,495,310,382,128,-5,613
336,232,589,452,368,316,630,443,556,141,186,596,-222,254,177,544,793,248,94,238,381,239,191,555,327,310,12,485,272,358,71,-40,528
337,313,566,400,395,293,542,426,433,138,166,583,-106,236,168,521,732,229,63,224,363,209,270,542,314,306,7,467,286,370,93,-23,574
338,188,541,381,432,300,490,471,404,127,169,569,-151,250,161,513,618,176,69,222,361,197,270,541,290,298,-4,437,254,351,54,-54,548
339,74,630,364,344,285,543,450,401,120,187,523,-177,264,186,527,692,204,109,243,361,205,280,583,319,304,0,463,286,365,78,-44,538
340,101,501,410,221,291,526,432,378,118,197,536,-153,249,168,505,818,167,91,233,338,167,270,573,298,282,-39,437,255,337,55,-70,499
341,285,506,464,87,294,426,533,422,125,183,565,-153,250,166,498,794,165,112,217,363,175,238,616,322,284,-49,448,282,366,77,-41,522
342,368,494,458,140,282,416,602,433,108,168,455,-116,248,185,495,786,212,130,248,365,186,253,605,357,317,-19,479,359,415,114,-12,547
343,259,483,401,286,303,502,565,442,109,199,545,-111,244,199,531,811,260,123,260,395,213,267,618,374,319,-5,467,396,436,131,-1,550
344,191,350,455,323,297,513,497,534,134,190,507,-28,281,197,506,826,281,165,268,402,217,266,641,382,361,29,501,421,460,168,47,618
345,112,325,442,370,251,552,516,528,123,187,485,-33,270,189,503,748,248,111,247,414,220,292,564,361,339,24,499,285,392,133,10,676
346,83,459,430,363,244,430,512,451,97,161,486,-84,239,181,503,685,240,84,235,397,219,337,554,327,308,8,455,207,335,71,-46,517
347,192,431,497,333,243,331,452,426,85,168,494,-154,218,176,509,781,257,83,227,392,228,283,595,354,334,21,459,319,408,128,18,580
348,216,403,546,368,258,386,398,510,108,194,494,-89,251,180,524,860,294,129,247,398,216,271,634,367,346,16,448,334,400,109,-24,482
349,210,419,478,390,289,493,392,498,114,183,440,-127,260,167,480,820,205,126,227,372,156,146,564,353,302,-18,365,294,361,94,-35,468
350,244,370,301,374,283,426,411,473,99,203,438,-127,245,157,484,765,105,93,217,349,153,205,527,315,282,-52,340,286,362,85,-40,454
351,238,311,317,393,281,243,409,571,112,186,447,-104,268,148,476,696,137,111,224,353,158,206,539,304,277,-45,353,257,332,50,-91,455
352,312,364,300,369,259,581,424,592,121,189,498,-139,251,147,493,710,215,86,230,357,154,174,522,298,273,-44,364,219,316,21,-107,470
353,368,428,358,321,276,550,434,655,124,175,487,-102,261,152,477,692,139,68,223,336,157,195,487,282,276,-54,384,227,324,28,-105,510
354,299,422,423,230,284,269,475,621,121,173,519,-139,248,155,488,726,116,45,214,348,222,163,458,281,262,-43,392,211,315,22,-117,434
355,294,512,567,119,314,210,496,580,112,203,550,-48,268,175,505,785,201,26,205,361,202,205,567,295,275,-14,405,318,349,89,-71,480
356,287,505,490,186,318,295,513,591,102,193,561,-148,258,160,478,808,149,37,203,336,113,231,554,286,257,-59,348,292,328,71,-77,490
357,274,391,363,336,315,442,428,720,118,192,523,-241,259,164,490,768,161,69,208,345,173,202,552,285,246,-49,420,244,307,57,-56,551
358,240,378,361,377,300,564,453,634,98,201,468,-131,235,140,489,736,142,73,194,330,139,135,519,253,227,-66,405,217,277,1,-76,511
359,217,401,339,410,278,572,426,490,105,188,501,-71,214,165,476,666,136,42,198,333,144,203,521,250,230,-80,365,243,276,0,-113,443
360,159,459,370,423,291,557,446,412,121,169,555,-60,218,163,487,631,98,67,194,341,161,264,550,238,235,-54,362,219,284,19,-84,492
361,129,554,371,394,308,567,449,481,117,179,474,-105,216,161,505,691,126,63,203,364,211,214,550,243,260,-27,413,227,286,41,-48,502
362,149,578,393,314,289,483,435,403,91,194,455,-100,211,174,531,710,161,58,200,396,276,158,512,259,272,-11,492,190,273,13,-77,487
363,179,624,404,271,277,496,462,315,91,189,498,-74,202,162,487,743,123,52,192,345,90,216,543,242,253,-63,357,204,264,-9,-115,470
364,241,632,499,276,298,556,504,374,94,183,562,-50,204,188,512,864,209,87,205,361,137,299,575,277,278,-16,384,318,325,66,-47,553
365,274,439,575,328,282,439,490,489,103,182,429,11,249,213,506,764,282,98,233,382,193,254,591,309,308,12,459,306,350,101,5,587
366,186,349,555,359,294,442,308,548,126,196,468,-88,263,208,519,770,215,56,227,373,188,262,553,294,299,-7,442,269,300,70,-59,554
367,159,293,425,341,265,483,55,497,108,158,550,-384,253,175,492,696,210,50,209,352,146,180,531,278,271,-35,389,289,320,63,-70,487
368,207,327,447,358,269,473,464,532,124,176,668,-277,281,197,514,738,220,101,234,377,180,162,542,300,300,-17,393,256,330,74,-56,486
369,241,361,496,405,242,412,679,643,136,172,485,-61,336,201,516,592,211,187,252,393,263,98,534,318,309,25,420,267,360,97,-45,525
370,286,393,510,444,275,293,535,622,139,175,475,-33,334,235,563,645,276,162,263,420,356,170,562,342,352,65,468,328,403,132,-1,551
371,336,495,541,388,290,153,561,505,126,170,584,-50,242,210,503,842,178,39,215,382,131,305,507,291,310,-3,348,223,343,57,-60,466
372,329,582,530,313,302,344,592,561,145,189,607,35,264,201,514,828,267,82,227,394,160,283,579,305,326,19,389,303,371,84,0,535
373,303,568,465,374,303,541,538,539,121,179,564,10,229,184,512,748,222,84,204,381,199,231,539,297,301,19,393,243,338,74,-30,533
374,235,614,452,404,284,580,533,564,121,165,511,-98,194,159,502,690,121,45,151,359,139,187,502,245,265,-10,360,206,302,44,-51,533
375,302,605,469,427,315,568,496,623,147,199,536,-95,231,164,514,660,125,89,175,353,172,205,523,257,266,-17,374,297,330,66,-25,560
376,359,573,386,354,307,605,527,572,141,198,539,-29,242,158,484,693,122,58,165,332,143,251,495,268,260,-42,330,216,355,84,-9,502
377,270,566,376,245,272,515,454,598,137,173,512,-110,259,151,470,738,155,57,174,330,126,212,470,262,243,-67,307,116,284,39,-76,429
378,263,431,419,331,304,384,443,734,129,169,536,-221,272,180,479,781,148,113,208,382,171,305,513,282,289,-33,363,217,328,47,-82,480
379,235,203,406,264,313,447,500,590,110,199,512,-9,259,184,506,680,249,69,232,396,186,266,566,307,331,-9,414,257,364,94,-23,575
380,226,193,443,293,318,337,479,580,121,198,541,19,254,191,533,677,220,88,251,415,207,242,560,319,349,10,426,320,407,147,-2,611
381,331,422,486,303,306,385,507,682,124,194,529,-33,277,203,530,706,207,142,256,414,194,303,563,330,356,-12,400,267,365,99,-53,529
382,331,566,529,261,297,511,525,641,95,194,551,-46,275,198,533,794,218,163,269,415,194,301,599,345,363,-2,373,318,392,111,-39,510
383,351,636,516,317,285,560,542,530,84,209,576,2,262,209,565,858,259,167,281,444,265,463,582,376,408,35,455,338,424,167,37,595
384,336,665,562,297,321,543,561,547,110,234,644,1,279,227,578,859,221,161,287,443,269,462,562,369,391,24,445,322,402,161,14,567
385,303,622,575,331,331,565,612,593,128,220,677,18,279,200,575,840,146,126,268,418,246,280,550,346,360,2,424,272,378,128,2,599
386,278,665,593,401,304,695,496,613,119,212,718,-58,277,179,561,834,258,120,271,401,234,317,568,332,354,-8,429,294,383,124,-17,531
387,225,516,513,431,291,699,537,624,128,207,678,-58,294,199,573,830,292,144,270,421,277,308,567,345,361,33,462,344,396,166,29,525
388,254,381,606,450,282,590,775,672,154,193,573,92,366,225,589,858,277,203,292,462,361,296,601,378,392,107,566,343,423,222,117,693
389,297,399,586,409,263,562,636,685,153,210,613,-15,358,241,599,922,316,206,317,447,257,362,671,401,421,81,521,405,475,253,154,739
390,328,522,540,353,282,507,633,672,160,189,625,-112,337,210,588,884,297,177,291,422,221,377,651,402,414,57,470,464,494,262,122,725
391,323,642,568,455,305,312,652,563,158,193,599,-18,335,204,561,833,338,202,298,422,251,378,626,377,395,62,507,339,433,151,50,736
392,291,600,518,481,301,255,681,471,159,193,603,66,316,211,576,869,347,180,285,442,276,448,620,365,393,81,535,240,419,164,85,785
393,398,625,539,506,307,338,795,677,178,216,677,143,330,205,601,880,366,220,297,461,316,387,716,425,410,85,482,479,491,199,39,523
394,465,582,664,420,302,670,768,764,187,235,683,195,375,209,621,918,486,291,333,480,316,326,838,496,428,94,463,738,624,285,60,376
395,449,457,684,412,316,606,698,770,180,217,642,232,412,217,624,940,413,340,358,489,338,443,840,528,454,151,535,802,690,372,147,518
396,458,514,653,412,316,466,699,732,154,222,668,157,383,202,624,991,318,322,323,472,356,474,764,481,458,156,533,529,527,253,100,601
397,386,612,613,403,313,565,683,730,144,214,652,63,372,202,619,987,408,284,326,492,361,451,680,430,437,128,557,229,375,144,80,623
398,394,668,685,466,329,602,677,748,146,214,646,153,359,191,615,900,376,239,303,483,354,416,669,415,425,137,575,143,360,168,83,658
399,336,688,654,336,308,576,656,673,158,234,674,289,363,189,630,808,440,251,306,492,358,490,724,439,453,162,592,286,452,225,132,687
400,364,731,580,316,317,620,698,716,162,219,696,63,328,197,641,858,446,221,287,503,378,483,723,429,439,181,597,378,480,252,160,713
401,350,715,515,346,352,666,608,690,139,253,770,-43,310,216,674,1011,358,245,273,501,402,500,712,419,454,202,599,331,469,244,177,757
402,374,585,557,359,364,617,604,615,134,237,756,113,317,194,663,986,337,258,271,495,401,504,692,422,440,184,632,300,442,240,164,771
403,371,520,583,314,369,486,658,643,161,235,741,135,328,189,674,901,358,272,294,489,394,404,665,409,440,182,623,266,423,235,132,731
404,422,443,683,309,332,518,668,640,133,256,773,117,302,197,685,919,404,199,297,512,405,381,729,406,452,215,629,357,483,248,147,676
405,498,529,736,434,328,410,687,645,134,222,712,149,292,178,631,925,417,217,268,493,353,399,737,430,440,191,593,373,497,253,156,647
406,471,640,687,524,349,489,758,684,127,206,738,205,332,159,631,951,438,278,286,492,371,410,752,460,439,178,606,366,490,252,157,646
407,495,553,680,450,328,607,716,689,128,209,712,161,328,170,644,787,302,268,310,513,395,584,755,478,452,204,626,452,553,306,171,713
408,427,435,633,488,327,558,742,648,137,225,730,116,338,208,671,788,357,287,317,520,423,600,735,476,468,229,643,425,564,330,186,745
409,370,559,669,584,305,407,707,736,145,214,750,153,347,228,682,969,476,301,323,543,479,515,780,490,492,261,714,427,576,345,204,755
410,346,648,602,538,283,581,644,812,131,193,848,31,342,204,666,1002,393,269,303,514,489,423,748,467,466,229,737,427,531,310,204,739
411,466,767,622,524,327,599,441,755,154,198,884,78,354,187,612,1009,382,263,290,469,269,534,749,448,432,127,519,388,512,267,119,619
412,584,777,619,481,333,508,568,685,164,187,567,136,350,183,614,1095,430,258,302,483,326,578,755,446,444,158,576,423,544,292,133,676
413,410,739,570,444,329,525,960,797,171,184,523,168,358,188,620,963,467,275,303,494,365,510,801,465,448,197,638,513,587,325,165,723
414,168,709,457,435,325,498,745,744,139,194,679,87,322,200,637,970,397,221,294,482,352,535,779,439,431,176,607,462,566,300,154,714
415,322,682,523,401,311,456,736,719,149,207,639,109,349,193,600,961,374,241,308,481,346,490,775,449,437,175,567,438,546,300,156,705
416,471,709,519,158,319,488,761,645,170,188,650,154,380,189,611,996,494,312,310,493,351,421,825,471,436,171,572,500,575,319,175,720
417,538,694,544,197,308,396,744,586,150,187,632,79,368,212,631,995,506,284,334,488,361,433,824,470,445,162,569,529,587,332,183,703
418,565,563,599,393,311,367,725,629,130,191,639,59,357,213,624,951,388,232,335,503,369,413,750,455,451,189,602,496,573,328,179,707
419,521,513,601,394,296,375,636,638,132,186,631,125,351,212,631,957,337,221,318,509,373,551,737,459,432,182,654,452,582,338,203,766
420,370,545,579,440,332,386,542,667,144,215,583,137,334,205,597,939,369,213,285,480,321,424,716,438,419,137,588,417,544,263,133,662
421,270,623,551,276,335,646,481,640,145,223,614,-2,318,199,613,900,359,249,302,479,336,349,751,468,439,144,575,452,573,300,169,689
422,335,702,574,209,308,712,561,516,143,216,675,33,355,196,644,932,354,309,324,492,382,445,762,492,460,181,609,467,573,316,185,724
423,447,699,580,310,338,477,566,512,124,214,631,200,357,208,636,925,344,330,314,491,365,374,773,483,447,179,614,458,562,289,197,727
424,475,630,659,309,363,468,567,540,109,241,655,349,289,219,655,891,500,254,311,517,424,456,806,489,479,206,650,519,618,343,255,771
425,351,483,615,328,353,678,633,590,143,265,661,290,314,223,686,758,437,245,329,552,533,416,807,523,510,263,664,593,683,394,255,761
426,352,301,633,349,339,441,587,654,136,241,613,191,345,198,666,840,367,311,322,550,461,394,763,521,496,249,638,528,652,383,263,700
427,471,286,770,433,318,48,603,575,140,202,622,177,361,212,617,954,485,331,325,534,290,505,797,523,496,237,592,473,621,396,310,799
428,606,465,884,537,333,146,619,659,169,208,620,185,386,224,633,935,471,292,319,525,380,457,797,502,481,216,602,406,546,304,185,746
429,568,633,563,484,337,434,706,712,173,233,726,129,370,234,657,999,500,271,324,559,458,415,798,514,486,267,719,479,595,344,221,804
430,435,623,586,463,300,493,601,667,161,216,685,56,338,219,667,980,602,256,315,554,477,332,827,496,483,272,723,537,635,352,257,766
431,353,643,665,474,295,569,679,669,158,205,598,140,348,234,622,1015,596,289,337,525,321,423,834,497,463,218,596,554,625,329,223,704
432,269,633,643,484,304,546,709,691,174,227,661,162,362,262,655,970,355,304,353,563,395,484,807,497,480,273,643,573,611,377,227,729
433,293,624,547,438,310,535,593,697,157,235,682,100,346,241,658,924,158,242,321,550,388,548,693,427,467,246,640,389,500,286,171,735
434,451,494,566,414,311,517,496,855,194,217,675,127,371,247,631,869,400,274,342,537,378,528,745,446,466,241,622,452,534,289,184,706
435,390,559,549,468,314,435,533,994,191,225,739,109,368,252,686,937,438,289,369,574,426,452,770,460,487,286,671,493,550,326,201,737
436,240,626,503,441,306,464,747,846,161,223,730,92,347,250,680,983,335,260,337,569,435,456,729,450,498,283,683,406,495,295,193,806
437,282,618,514,355,293,489,753,583,157,211,624,126,304,217,670,996,379,246,336,568,427,458,746,473,499,294,677,427,546,342,262,852
438,336,565,486,299,305,578,627,501,151,218,675,106,323,237,683,917,383,247,353,573,419,471,726,473,510,286,651,474,604,356,240,718
439,366,529,517,320,302,614,649,557,158,232,659,104,338,266,671,910,413,273,363,581,414,367,729,483,523,289,651,522,642,395,264,742
440,327,464,538,413,294,573,558,565,153,233,625,77,312,234,654,935,238,232,349,563,390,421,704,462,505,261,672,440,577,344,234,824
441,217,464,385,474,287,615,400,558,146,249,645,216,291,240,632,816,257,170,311,531,326,409,658,431,470,221,586,321,485,226,135,686
442,222,389,426,476,318,546,339,639,127,247,767,272,274,226,637,731,350,157,299,528,311,360,632,416,466,197,510,286,430,173,59,522
443,257,389,471,250,332,336,409,623,154,249,846,-139,303,233,667,746,278,172,325,542,342,369,600,431,483,232,544,301,469,223,109,599
444,289,521,526,381,310,424,641,674,191,205,661,-133,334,246,654,884,331,261,355,570,346,372,670,484,521,268,558,412,532,290,158,617
445,329,474,546,314,304,630,676,703,136,192,472,9,308,215,608,939,364,259,323,539,338,309,692,490,505,232,592,391,523,300,166,680
446,468,621,551,276,323,606,659,660,110,217,552,75,319,240,611,916,339,251,365,533,335,362,701,484,509,223,561,411,528,275,147,610
447,523,674,576,257,307,513,575,709,140,216,560,117,321,245,610,908,310,233,348,544,348,437,710,473,489,234,595,380,505,229,139,664
448,503,539,681,279,310,540,478,663,126,213,626,53,285,222,602,872,462,207,325,516,321,375,728,456,451,207,587,437,492,205,82,655
449,429,417,663,336,331,415,552,584,146,220,637,-23,290,209,594,843,321,201,328,508,288,386,633,424,420,160,554,364,459,182,42,600
450,437,390,563,395,356,432,650,511,115,211,611,-58,276,203,585,855,297,195,309,487,286,399,641,432,429,155,568,316,483,203,89,632
451,478,456,623,449,357,596,656,515,119,228,567,49,280,225,577,857,305,173,309,480,316,378,602,425,425,152,560,336,471,221,88,654
452,394,639,620,402,354,417,628,543,158,221,617,183,298,215,589,863,281,184,317,500,307,443,622,425,410,165,566,343,467,213,64,616
453,299,781,495,336,324,111,646,604,168,200,547,7,322,208,593,897,295,197,307,494,310,437,639,420,424,175,601,345,460,196,86,664
454,337,656,565,452,318,226,658,649,180,213,528,-24,320,226,597,889,378,221,309,484,323,359,656,416,422,182,604,381,429,174,75,669
455,397,563,669,506,338,394,647,756,197,211,624,147,356,221,610,823,454,247,317,491,309,327,709,425,398,169,586,461,472,173,64,606
456,381,531,582,483,317,413,615,680,181,212,727,149,318,204,619,794,329,200,291,461,300,331,693,408,399,142,557,533,484,183,57,590
457,390,568,616,499,307,472,433,680,171,228,722,5,309,210,636,843,351,230,291,469,309,335,706,389,405,160,571,477,473,180,87,621
458,331,666,656,510,322,538,474,764,175,215,748,-22,320,189,646,855,400,175,281,471,336,372,620,343,355,140,580,185,343,102,12,637
459,241,701,515,369,309,543,532,637,145,210,691,1,318,180,627,840,325,177,282,477,327,398,629,354,355,138,602,274,342,120,40,660
460,301,591,551,298,304,551,447,589,125,214,733,83,270,185,631,813,382,197,260,456,335,363,708,381,353,144,595,455,412,171,65,646
461,492,484,639,318,307,493,481,632,133,189,588,227,299,202,599,784,523,273,304,471,338,362,773,411,392,161,631,533,454,203,88,685
462,578,582,658,436,315,506,571,680,164,181,475,134,341,209,581,846,375,244,303,463,303,394,637,374,368,128,618,204,351,131,47,689
463,459,649,669,506,328,558,633,847,187,200,557,88,332,185,597,879,312,211,300,453,317,448,665,370,360,130,593,279,401,158,58,692
464,315,633,573,425,338,556,629,825,173,205,537,150,307,192,588,865,137,168,285,443,329,439,639,365,361,129,609,383,416,168,66,736
465,292,609,478,512,330,549,595,737,159,214,552,71,292,183,589,847,212,163,263,457,313,406,612,346,345,123,614,303,343,93,21,687
466,324,634,443,468,338,562,631,789,140,205,540,-97,278,174,561,818,303,166,234,426,282,355,608,333,322,75,583,296,314,69,-25,624
467,424,613,378,300,323,535,665,670,140,212,566,14,284,167,576,802,289,201,249,413,296,320,642,338,316,73,562,316,364,103,0,662
468,444,425,466,323,320,541,605,544,136,202,654,91,265,151,574,806,235,186,233,402,269,488,611,315,282,57,536,212,298,61,-54,647
469,460,485,570,385,356,482,612,527,128,230,631,77,247,150,560,848,237,151,218,393,244,506,581,295,271,31,530,125,280,54,-66,628
470,486,386,621,337,374,588,588,593,139,249,630,99,250,168,557,881,267,158,219,404,231,454,610,312,301,24,526,220,305,69,-77,601
471,433,364,612,290,352,712,554,538,133,234,599,60,248,159,550,873,311,161,210,396,232,388,612,316,289,29,544,234,308,78,-33,603
472,377,497,563,302,344,749,590,463,100,248,591,107,259,164,577,864,294,158,225,403,316,374,619,328,317,70,608,283,368,126,23,674
473,374,515,600,407,330,570,593,544,114,230,557,136,269,148,582,838,409,131,252,418,347,383,675,363,340,106,646,386,396,162,46,719
474,340,559,573,441,350,337,649,585,145,206,593,-25,293,172,574,910,360,149,285,429,255,450,640,378,380,120,605,416,436,185,77,741
475,450,570,508,427,334,459,514,582,144,217,582,-206,307,176,564,896,325,172,287,447,290,454,654,386,396,134,637,411,454,203,90,711
476,335,462,435,351,304,354,295,567,143,200,561,-70,308,187,551,831,316,195,286,444,273,396,642,398,398,139,646,370,456,200,80,727
477,108,345,402,298,319,243,297,499,165,199,461,-12,310,203,545,776,302,219,291,455,259,315,632,407,404,162,607,333,457,204,71,691
478,4,388,440,333,330,443,439,546,156,206,498,-13,330,214,582,810,509,233,322,486,309,373,727,443,452,190,641,410,493,258,134,749
479,202,438,572,363,365,504,665,555,132,221,562,86,320,186,603,738,471,210,286,467,329,432,713,406,411,151,619,389,439,213,76,703
480,479,732,777,485,385,449,884,577,168,232,711,141,344,194,638,803,305,230,304,466,376,645,700,421,425,182,687,456,512,296,159,740
481,570,940,757,567,353,576,882,626,193,219,771,103,356,216,653,963,437,244,311,473,382,493,755,443,444,203,678,495,568,332,172,760
482,516,908,683,451,344,607,840,610,170,228,750,84,340,227,643,1048,410,213,308,502,401,401,697,444,454,201,697,408,532,265,131,782
483,481,903,624,381,336,567,834,558,159,243,741,119,311,238,676,1084,311,193,307,515,435,576,610,444,469,251,736,278,483,246,132,797
484,588,860,632,360,339,594,801,536,123,245,717,124,304,227,678,1093,327,228,315,520,452,568,649,483,522,280,740,390,568,358,213,833
485,606,706,644,282,327,586,742,535,102,251,712,58,300,227,680,1010,262,216,334,542,444,580,668,486,527,282,738,429,598,364,239,847
486,551,672,638,234,342,592,724,538,127,257,699,50,299,215,681,925,354,217,338,538,452,664,680,481,491,264,730,365,556,320,231,824
487,485,636,606,341,364,590,742,598,128,279,712,36,315,231,686,858,374,191,317,547,443,606,673,461,511,280,726,352,512,303,194,837
488,400,569,610,379,362,648,708,630,129,261,719,35,323,224,682,868,391,192,319,529,427,540,688,462,509,271,701,396,520,304,203,815
489,348,657,594,412,325,567,702,620,112,261,697,-34,296,199,652,958,372,220,309,492,397,545,683,452,463,218,672,374,504,285,162,751
490,339,679,614,435,333,507,700,658,149,240,679,3,356,213,652,1016,377,268,351,520,408,480,708,491,501,258,695,424,559,329,213,793
491,310,674,519,403,323,521,676,580,148,225,668,42,318,215,647,1041,378,235,343,555,443,517,707,475,515,283,730,425,571,353,223,834
492,411,645,525,476,307,648,637,580,122,246,694,110,302,220,665,1047,474,219,359,554,471,600,744,490,533,328,787,476,619,391,266,891
493,450,643,579,465,299,689,641,676,127,243,685,169,330,244,657,1067,515,240,377,565,479,598,765,522,552,336,801,501,649,446,340,939
494,327,653,469,261,316,547,674,603,149,231,639,152,325,259,666,1038,392,267,381,584,473,544,771,522,582,337,804,548,683,473,384,982
495,256,592,503,239,320,476,685,705,193,240,689,182,363,258,659,1027,347,283,382,588,466,575,802,530,572,330,800,643,690,426,316,997
496,333,555,495,391,325,326,639,751,166,229,807,117,347,244,662,987,350,246,360,562,435,567,781,505,535,290,740,524,598,368,217,787
497,325,563,446,508,331,490,570,784,162,234,837,10,330,240,666,970,391,231,348,546,405,429,729,464,491,229,652,354,477,242,123,611
498,271,557,555,487,303,642,683,647,150,225,571,45,326,226,648,971,387,258,348,531,429,403,749,464,491,268,757,400,527,338,230,939
499,280,582,621,475,308,648,671,503,126,222,628,111,331,227,645,992,419,280,333,528,426,526,768,484,492,280,752,478,574,361,242,891
500,324,571,459,508,303,636,628,618,145,223,651,135,336,217,631,937,453,283,318,540,407,589,766,484,512,258,712,533,587,340,241,796
501,486,669,472,515,320,694,671,658,144,230,647,56,290,209,624,860,376,199,323,524,388,552,795,472,522,235,667,653,658,383,207,671
502,532,614,468,386,298,599,617,612,126,226,620,10,258,195,620,909,309,155,290,490,372,559,714,424,469,233,706,430,548,315,174,810
503,583,627,494,346,317,565,526,732,147,229,616,36,319,201,615,947,336,229,299,489,365,511,706,439,471,232,709,507,603,340,236,819
504,513,571,531,307,316,614,547,662,147,239,656,38,335,212,633,891,408,242,334,520,398,635,814,477,499,268,736,656,676,420,278,848
505,358,479,552,353,332,480,585,656,139,234,647,90,283,216,629,904,466,159,319,497,398,544,842,450,468,229,675,537,590,344,171,748
506,242,531,436,486,322,414,580,720,145,212,684,108,309,207,632,991,431,185,309,497,406,530,834,470,487,241,751,580,658,430,316,957
507,265,573,483,570,339,566,546,674,165,211,702,107,346,203,632,1022,453,276,344,526,421,648,861,509,509,277,755,588,664,407,317,921
508,383,601,679,593,364,613,591,689,177,238,688,201,358,225,631,1025,527,299,363,529,428,661,842,502,507,279,685,383,534,279,155,638
509,343,566,666,465,318,576,653,570,130,194,640,196,323,194,604,959,529,270,302,478,379,565,851,480,468,200,612,483,545,258,78,425
510,283,494,657,333,354,546,669,574,136,213,664,182,323,192,623,913,538,285,312,485,398,522,821,461,472,232,694,474,558,314,172,689
511,248,396,668,282,366,488,646,711,140,210,656,161,360,195,630,846,593,301,342,488,408,505,816,474,481,241,707,558,607,345,223,756
512,315,508,610,159,383,568,640,763,129,205,641,120,355,188,618,835,515,277,331,498,405,544,840,475,472,225,701,607,621,345,232,750
513,477,718,636,257,376,489,644,784,165,182,638,110,345,192,601,848,490,261,319,482,364,512,848,462,436,199,663,623,613,325,184,677
514,574,753,671,403,348,449,629,666,144,215,686,134,335,176,594,822,508,265,313,461,355,424,862,460,421,179,644,602,617,332,173,677
515,568,720,681,451,341,441,671,616,125,213,658,125,315,188,601,829,500,256,297,467,377,468,844,468,434,209,668,586,632,372,245,777
516,529,660,608,413,323,525,676,534,117,210,641,39,277,174,614,884,433,212,287,459,350,472,702,413,415,177,627,453,542,303,170,692
517,507,511,627,500,329,577,624,568,141,207,615,37,308,175,589,905,422,181,282,455,350,419,656,376,402,153,605,306,436,203,120,646
518,509,421,612,450,344,541,611,591,142,202,614,10,301,176,578,939,384,184,286,457,350,417,670,387,403,155,613,351,442,217,131,659
519,439,563,488,452,355,537,622,610,140,228,644,0,318,186,598,954,421,175,274,461,339,440,682,396,412,169,603,347,454,226,114,621
520,346,643,497,447,371,467,612,687,149,232,612,69,289,183,591,945,338,107,282,438,343,462,665,372,394,189,612,363,494,248,127,681
521,349,647,540,463,369,440,537,768,154,201,595,134,286,155,571,880,438,118,266,427,309,411,651,351,367,155,596,344,446,219,106,657
522,327,740,487,483,378,584,595,727,156,205,620,-32,291,161,565,877,361,171,273,439,306,354,627,356,388,150,568,324,415,218,105,630
523,351,718,470,365,344,649,570,607,147,192,627,-3,322,162,565,852,305,202,286,446,313,353,644,386,403,171,595,331,440,244,115,694
524,340,733,351,319,317,592,572,563,145,221,646,91,322,203,590,790,367,182,308,466,319,338,653,414,423,205,582,346,510,286,162,634
525,251,753,344,285,308,537,572,651,114,229,638,-72,282,179,583,759,289,137,292,477,324,380,624,413,430,203,603,359,542,307,205,658
526,351,686,487,322,315,514,595,763,126,229,653,-74,301,182,599,844,284,149,310,483,347,348,670,434,440,212,615,397,550,344,217,733
527,422,579,584,360,310,442,567,767,115,200,613,-170,295,171,585,827,387,172,285,454,296,336,611,400,415,210,560,295,463,261,141,661
528,283,546,493,351,322,510,560,576,94,209,583,-143,276,182,593,815,315,155,288,476,329,371,591,416,445,245,623,317,544,322,242,745
529,252,458,452,371,302,496,509,252,67,200,568,-79,252,180,607,866,239,145,301,504,387,418,620,435,472,258,669,387,602,388,303,767
530,325,470,532,457,300,382,507,431,110,202,543,6,270,196,590,792,387,168,308,505,379,439,645,443,488,270,645,399,597,386,256,712
531,390,602,543,466,315,209,601,530,119,215,607,87,296,209,610,772,397,217,327,502,389,390,651,462,479,275,643,390,548,339,229,710
532,366,596,518,371,286,228,680,552,117,197,622,94,311,202,603,848,204,207,313,514,405,384,631,459,471,290,690,363,563,374,312,783
533,365,548,571,235,273,446,609,599,99,210,593,81,309,201,594,913,301,199,311,496,376,530,673,462,465,279,708,395,605,407,326,812
534,332,572,569,239,306,550,514,538,92,218,591,-5,276,204,581,879,340,209,297,473,344,496,674,448,428,250,655,384,534,305,183,691
535,312,551,554,226,314,579,544,531,121,195,553,-2,296,213,584,863,336,212,301,478,339,464,688,447,452,263,647,425,578,340,186,663
536,374,422,592,352,311,653,598,611,125,221,597,-11,321,214,589,873,234,223,289,480,350,453,659,437,459,276,679,398,576,342,242,712
537,392,479,572,390,303,545,571,700,129,193,545,9,318,201,575,880,317,232,287,482,346,420,683,448,460,272,705,448,580,356,275,787
538,414,620,535,435,320,473,517,709,144,208,568,79,332,220,604,843,375,242,294,495,367,437,735,469,466,278,722,519,645,397,319,810
539,357,593,520,496,322,437,526,662,140,217,601,162,311,212,612,825,363,235,275,489,372,467,744,453,445,266,702,492,636,398,282,764
540,325,484,509,482,307,282,525,604,134,204,577,133,295,210,603,849,337,210,273,513,376,531,744,444,447,288,714,448,656,428,319,819
541,301,559,568,406,328,109,580,605,171,209,609,255,316,229,618,938,376,230,313,522,405,559,791,496,480,307,739,549,702,477,338,847
542,345,600,590,358,313,289,635,650,124,214,646,323,287,209,618,990,426,188,309,522,416,565,784,469,466,291,722,525,664,424,312,832
543,379,566,554,310,296,612,584,706,104,210,684,53,300,213,628,978,485,214,295,508,407,544,809,467,458,295,716,551,656,402,304,832
544,474,592,584,284,297,719,652,630,112,231,756,-75,305,225,653,984,427,265,308,531,441,567,837,499,483,311,760,606,713,448,349,859
545,537,678,615,326,305,781,655,649,140,247,807,9,356,228,659,967,442,319,351,539,447,575,860,533,489,307,765,590,714,444,337,897
546,459,726,611,366,299,868,678,615,140,269,742,170,346,248,695,1006,517,325,352,559,482,669,883,533,500,336,817,548,695,452,353,958
547,321,610,620,325,272,701,650,554,104,244,654,223,278,230,679,1008,530,298,333,552,452,674,867,519,494,331,787,600,706,465,329,907
548,305,611,609,325,270,494,627,674,148,234,622,156,349,221,661,1000,490,354,336,523,434,617,874,513,483,298,738,649,695,446,325,852
549,389,652,543,358,286,333,679,799,189,230,663,128,357,236,697,964,520,294,336,537,457,651,901,504,471,313,761,612,690,423,328,884
550,385,654,596,426,305,416,657,771,168,248,679,172,339,237,687,882,585,264,335,543,461,560,865,504,474,323,730,578,668,422,292,848
551,380,663,598,475,321,469,681,771,156,246,675,142,335,239,685,951,483,264,326,542,465,567,801,498,477,341,726,530,688,431,318,852
552,418,526,637,528,308,491,688,833,193,235,689,133,384,245,678,1025,487,330,362,574,470,587,803,516,503,359,760,472,668,417,289,818
553,425,357,629,583,287,496,636,713,187,246,670,236,384,251,696,1018,544,321,393,578,473,604,876,555,531,353,783,575,727,470,333,848
554,428,332,596,548,256,530,579,636,172,214,642,189,386,263,682,1026,598,316,381,574,457,564,907,571,533,343,800,614,739,470,330,856
555,425,415,664,502,268,489,631,698,164,221,655,99,392,255,686,1063,610,341,392,582,458,574,884,566,530,344,785,570,719,426,265,815
556,491,598,622,336,283,324,660,704,149,244,736,46,366,241,694,1071,503,344,399,584,493,665,861,588,538,351,790,605,750,453,315,872
557,512,737,589,141,295,519,594,701,147,250,758,117,374,255,706,1111,479,338,379,570,490,673,867,581,534,340,779,587,709,431,287,857
558,458,779,696,288,292,590,583,735,158,269,793,222,376,265,697,1078,475,318,376,577,471,619,873,579,535,334,747,619,727,424,298,854
559,420,643,664,389,312,396,721,663,140,251,795,270,339,251,693,1045,489,306,362,568,477,557,851,541,526,336,730,586,700,416,280,793
560,371,582,689,406,295,331,772,576,153,240,757,364,343,257,725,999,539,299,389,568,482,539,847,553,548,358,733,547,703,429,285,813
561,405,631,692,324,299,521,724,373,138,265,734,289,334,266,721,959,519,323,398,590,479,569,846,570,573,362,745,570,717,422,293,834
562,455,688,647,393,300,537,731,522,143,266,738,224,360,268,718,987,549,381,416,624,485,574,890,601,603,382,748,661,748,445,312,829
563,414,646,577,444,300,588,824,691,160,254,789,207,394,262,732,1087,521,368,418,606,501,585,886,588,576,382,745,617,710,433,302,817
564,347,564,585,489,302,431,835,711,153,254,751,233,398,255,723,1075,470,335,411,578,494,670,849,562,567,377,756,509,669,390,284,852
565,310,630,610,416,319,303,773,853,168,239,735,326,398,281,706,1040,478,355,426,598,489,618,884,591,579,368,774,596,709,420,300,892
566,274,631,610,331,323,539,656,798,174,244,714,365,393,277,701,987,476,319,401,592,466,605,869,569,564,330,732,559,671,364,277,832
567,335,536,565,358,319,676,622,779,175,247,713,106,367,261,695,949,438,318,378,555,450,595,808,511,522,320,700,494,612,330,193,749
568,503,418,550,388,324,699,612,806,200,235,676,65,391,257,681,945,563,341,382,563,467,662,813,524,531,321,709,557,641,361,228,781
569,521,484,540,451,317,633,574,782,171,199,670,248,389,234,649,855,602,331,365,542,433,577,842,519,513,302,686,612,615,345,213,771
570,343,552,557,406,308,565,593,753,178,199,680,161,379,226,639,804,583,304,342,514,407,512,859,487,484,281,643,615,596,330,206,723
571,407,647,638,394,345,508,658,682,163,214,663,66,370,229,672,964,583,295,346,532,435,608,852,489,501,304,692,546,582,342,242,796
572,588,772,756,427,351,327,761,663,144,237,732,124,370,240,708,1139,416,310,368,559,483,642,779,491,529,313,742,392,546,326,235,827
573,560,786,848,456,321,276,808,701,152,221,720,160,395,221,680,1147,426,340,363,548,466,601,775,489,534,319,723,394,551,319,247,813
574,525,746,747,444,330,491,882,599,146,237,746,208,387,252,713,1243,483,329,400,585,528,727,840,535,574,393,823,481,615,420,363,969
575,464,647,675,395,313,529,813,593,130,243,708,236,361,223,711,1193,487,331,394,561,537,732,793,521,547,364,828,476,610,411,327,998
576,358,667,653,351,318,512,811,658,139,233,709,281,361,219,703,1175,520,338,369,538,515,746,843,519,553,348,774,551,613,364,234,847
577,350,752,706,372,314,529,851,596,161,216,753,270,358,212,718,1208,563,318,364,547,522,720,865,514,548,342,766,549,599,374,248,780
578,535,790,691,410,296,446,855,643,185,238,763,274,387,223,707,1209,619,360,369,551,535,789,908,539,543,366,824,622,650,424,337,857
579,694,789,696,418,287,508,769,657,169,242,772,252,388,216,692,1159,601,357,356,516,482,717,857,529,512,354,777,594,631,387,279,788
580,586,779,635,308,282,599,701,719,156,234,739,266,401,231,703,1099,614,327,366,543,493,733,881,526,547,376,796,592,656,411,287,857
581,467,644,679,398,289,601,691,737,167,231,730,274,387,228,699,1028,630,338,381,563,481,716,907,547,535,360,772,630,657,399,298,832
582,484,588,677,488,310,509,677,835,175,230,759,292,395,218,683,1027,671,355,365,543,461,659,902,536,520,344,754,645,655,386,280,815
583,514,610,672,420,314,295,639,826,170,218,737,175,407,225,683,1039,505,351,371,535,476,647,850,541,520,345,781,670,662,444,318,871
584,535,753,750,382,287,231,641,821,167,189,720,148,416,218,647,974,569,365,360,513,433,542,927,542,516,327,769,784,673,440,295,845
585,445,847,785,394,296,347,702,904,181,194,649,157,387,224,642,1035,608,256,340,523,439,514,906,511,496,315,790,658,642,413,335,918
586,416,616,633,430,317,425,730,886,170,187,606,102,362,210,624,1049,552,218,315,496,416,551,751,454,462,271,739,340,540,329,276,858
587,535,466,580,477,277,332,674,979,167,200,615,201,409,204,614,1005,602,330,330,482,389,552,842,487,491,259,671,493,585,340,215,732
588,520,527,498,422,252,456,732,832,175,196,633,173,379,227,621,1004,470,314,348,511,416,653,822,503,513,304,713,502,599,372,260,813
589,439,676,600,441,279,394,753,749,165,187,668,193,339,216,649,1013,501,306,355,535,441,707,841,509,511,338,781,515,614,372,288,860
590,421,696,670,504,279,379,757,756,166,179,693,179,383,223,657,973,573,391,376,548,469,642,925,546,528,348,783,632,679,425,321,822
591,366,746,736,473,271,526,783,652,164,187,741,204,369,237,679,916,442,360,377,551,493,632,883,550,534,356,814,576,680,439,338,922
592,346,638,738,401,283,601,732,588,167,212,749,282,377,232,678,982,457,360,371,537,480,575,885,560,532,341,814,583,683,447,334,944
593,380,524,714,394,283,661,663,560,156,229,691,311,379,223,658,1074,421,379,360,557,479,778,898,562,546,352,856,607,695,464,348,981
594,446,537,741,423,293,680,654,573,182,235,654,346,389,216,659,1080,577,392,378,540,485,789,915,579,569,351,872,653,742,490,398,1057
595,410,529,753,408,288,623,647,641,184,197,599,402,396,199,611,1039,646,415,359,514,431,686,900,574,509,295,799,648,701,423,289,839
596,348,525,725,426,294,530,651,648,185,180,562,307,395,190,605,1025,498,365,340,482,429,732,902,551,474,262,749,599,651,377,218,689
597,284,475,734,524,296,463,688,568,177,192,595,359,394,184,627,1045,489,362,346,498,483,678,962,561,490,282,818,635,699,422,305,892
598,309,565,685,564,307,503,745,587,164,190,677,323,384,204,662,1063,540,355,356,519,484,725,960,572,515,315,834,636,737,474,348,950
599,414,645,615,550,290,545,738,666,212,199,688,196,395,214,662,1050,519,357,366,520,454,855,878,551,523,309,825,617,748,510,379,956
600,479,552,575,582,270,501,694,692,212,172,673,180,413,198,621,1002,520,364,345,503,426,680,840,530,493,300,809,616,720,478,335,861
601,584,472,663,588,300,541,733,761,219,201,708,198,431,194,626,996,550,365,353,480,426,720,852,529,480,274,776,641,661,364,227,818
602,604,621,675,467,344,558,708,845,245,214,770,257,460,201,640,1092,607,402,363,505,449,787,896,539,480,283,790,680,639,351,200,861
603,628,658,622,264,326,520,563,757,200,212,824,252,416,192,643,1056,604,356,350,495,427,798,897,517,467,272,815,650,653,377,273,890
604,581,590,666,284,330,538,635,763,205,241,887,230,409,230,683,1023,545,354,361,517,460,756,874,513,483,282,822,601,614,368,257,883
605,508,605,700,433,307,532,694,842,195,220,841,235,440,223,679,1029,544,384,385,518,467,701,899,532,502,301,828,654,662,415,296,920
606,435,627,661,472,301,503,726,804,184,200,781,231,445,211,667,1005,694,385,364,507,446,671,925,514,499,276,807,704,683,422,295,877
607,515,686,728,504,309,366,686,836,176,189,643,284,433,193,627,953,688,394,340,478,417,667,951,517,490,275,789,672,681,406,292,856
608,591,745,832,487,318,71,712,874,203,186,619,316,474,214,656,968,736,446,386,527,459,728,978,568,523,298,809,723,733,440,313,913
609,527,726,807,348,291,3,758,820,209,175,633,194,455,196,644,994,561,420,375,504,443,673,890,556,504,288,805,678,718,436,307,915
610,470,787,812,362,296,263,782,800,200,196,674,172,427,210,640,1071,532,392,367,502,445,687,923,552,499,304,817,695,729,460,324,919
611,427,776,716,444,326,595,816,836,184,209,690,334,397,194,649,1102,637,366,368,515,431,643,962,530,488,287,775,732,719,438,295,809
612,348,700,646,464,318,544,736,804,172,185,655,386,388,181,624,1034,652,322,334,484,408,551,928,522,458,251,754,702,679,397,262,775
613,310,542,690,545,310,561,683,760,197,193,632,315,395,173,601,966,567,349,316,448,373,487,893,501,430,215,724,654,660,357,207,751
614,327,463,607,530,316,527,665,752,224,180,613,235,401,175,601,956,514,356,328,460,388,594,859,492,445,233,771,581,651,348,251,868
615,423,591,519,445,306,435,651,734,221,185,602,155,391,183,616,956,533,328,329,475,408,690,843,491,460,267,788,621,687,404,299,899
616,453,694,577,425,287,494,689,753,210,194,640,74,406,176,619,973,504,357,325,461,442,669,819,481,439,261,771,571,653,377,272,879
617,437,649,614,525,277,569,690,674,179,197,708,109,386,185,623,1050,483,353,318,471,424,613,804,481,428,258,777,527,612,354,258,867
618,432,640,642,515,265,592,678,657,178,194,700,111,402,170,620,1061,512,388,309,474,430,599,819,481,422,260,803,547,585,350,257,887
619,339,621,636,490,275,566,636,787,177,197,651,138,433,160,618,1031,534,384,328,463,418,627,885,482,440,245,797,625,650,370,268,869
620,444,597,630,555,299,505,582,752,163,209,711,160,338,166,635,1050,560,283,320,478,431,723,889,499,461,287,804,685,704,438,319,912
621,555,630,544,536,286,381,618,725,189,212,729,131,367,174,617,1040,573,310,318,479,448,607,832,477,439,256,788,496,612,372,268,874
622,554,543,528,506,292,525,614,774,174,204,695,181,352,163,610,1004,523,316,294,452,401,591,808,450,402,220,784,470,588,331,215,820
623,559,574,616,447,297,653,615,746,170,200,701,197,369,177,611,1022,437,360,293,456,384,615,851,458,409,215,742,564,605,315,191,771
624,551,645,727,426,322,551,613,629,182,209,679,154,397,199,625,1058,507,384,318,459,413,635,844,464,397,218,750,572,594,322,232,837
625,491,631,752,432,296,496,653,606,152,201,653,159,375,200,619,1023,534,370,323,464,433,699,811,466,396,243,754,496,562,313,242,876
626,415,638,698,295,275,452,679,588,141,198,647,145,347,194,626,964,502,306,314,471,435,636,824,447,405,241,737,465,552,292,220,814
627,414,652,652,232,294,378,726,583,182,199,626,109,368,207,649,804,502,318,322,478,450,642,861,474,419,243,774,533,583,297,246,850
628,438,606,709,397,285,380,693,637,209,218,645,211,402,213,669,736,588,395,340,497,461,626,920,515,445,266,810,619,617,349,257,892
629,524,553,765,342,302,381,701,671,184,217,679,335,435,220,697,960,653,462,370,511,492,706,968,554,471,307,844,723,676,415,302,916
630,580,604,785,430,307,531,739,714,184,208,695,347,434,213,694,1141,637,461,350,507,500,734,946,534,464,290,871,690,687,411,287,926
631,551,675,821,551,337,786,697,648,178,228,676,352,410,189,658,1156,645,411,332,482,455,680,955,516,438,277,843,710,669,386,273,912
632,481,602,787,550,349,584,457,700,198,238,756,350,417,199,665,1153,692,399,337,478,469,749,998,529,431,289,855,799,726,423,318,929
633,510,594,770,539,327,315,367,846,198,229,789,235,413,181,674,1165,518,369,324,462,465,771,911,478,400,270,849,478,606,324,266,891
634,530,598,737,496,326,459,523,848,195,240,761,253,418,182,634,1163,549,377,309,454,466,702,899,478,394,273,835,502,607,339,273,898
635,384,603,600,511,340,383,616,885,205,242,724,449,412,176,636,1170,704,376,300,451,466,679,910,473,404,260,847,573,633,371,291,935
636,352,599,724,604,333,393,726,915,196,218,712,355,391,150,619,1098,626,334,279,414,450,698,858,443,371,232,816,523,546,295,211,896
637,415,562,689,533,341,507,823,900,191,189,717,256,390,156,631,1063,692,353,292,441,485,626,948,474,395,268,876,606,606,345,257,998
638,459,582,655,567,329,526,836,1029,186,196,709,289,393,157,649,1109,695,409,307,459,511,672,995,494,432,276,904,622,629,335,263,963
639,429,636,683,552,329,560,808,1029,204,200,720,328,414,178,647,1126,683,436,331,479,518,677,1025,515,453,301,913,688,679,380,288,970
640,432,705,784,671,363,568,785,1074,247,224,709,487,461,200,662,1174,773,441,339,501,534,916,1078,544,467,314,941,765,731,455,336,1026
641,557,787,745,617,354,479,808,939,224,193,691,561,451,198,656,1194,865,466,335,489,550,988,1108,564,479,323,941,801,758,439,332,982
642,755,810,765,500,358,473,820,688,222,206,719,367,459,199,676,1196,791,513,375,522,568,949,1077,603,521,363,976,791,786,498,405,1084
643,808,765,890,474,339,557,777,654,196,244,793,330,463,209,688,1137,747,512,381,529,579,924,1068,592,541,388,995,793,807,551,422,1165
644,613,659,860,411,308,523,784,640,173,223,790,368,429,216,687,1053,674,490,350,523,560,900,1092,581,526,370,985,741,791,532,443,1193
645,472,635,770,387,308,573,841,739,181,238,816,377,447,200,702,1147,752,473,361,519,550,922,1096,588,516,357,934,765,775,487,389,965
646,524,714,702,430,302,586,859,780,168,226,817,316,430,200,698,1240,752,452,345,527,559,942,1000,581,504,347,950,786,786,479,383,989
647,606,845,756,412,317,610,897,823,166,232,810,278,440,200,705,1234,714,476,344,518,570,933,975,583,490,364,969,768,786,501,399,1062
648,608,847,724,318,351,674,912,770,161,249,851,302,453,194,714,1121,658,495,351,516,571,875,983,565,471,365,980,767,754,484,376,1041
649,552,788,748,190,363,595,843,767,166,227,869,222,456,195,712,1037,607,437,337,488,555,778,945,534,455,332,938,723,731,443,330,990
650,560,759,751,417,351,530,758,809,158,223,832,182,425,165,694,1087,588,406,302,459,520,738,918,512,430,297,904,696,700,426,317,961
651,679,817,807,536,357,637,800,763,148,244,753,256,332,153,707,1191,582,308,287,474,548,802,942,515,429,319,932,715,718,445,339,981
652,715,792,817,488,360,703,795,704,156,249,731,287,370,160,691,1245,624,358,303,472,543,737,927,519,446,304,950,685,713,414,319,977
653,602,774,798,480,364,656,821,705,176,255,774,299,416,181,681,1222,710,398,318,476,517,754,942,524,450,293,915,675,693,415,304,946
654,605,874,823,453,364,457,804,720,218,249,813,272,429,193,696,1234,676,436,334,481,545,831,973,556,448,305,908,698,723,463,339,1008
655,564,877,815,482,357,629,759,768,211,251,878,183,410,187,690,1231,623,482,339,467,537,831,975,552,453,286,938,695,725,478,386,1076
656,590,847,913,573,384,601,823,869,222,238,829,201,436,166,672,1209,621,398,315,444,501,779,886,494,418,254,903,617,641,372,296,1024
657,617,715,842,596,372,660,801,843,217,233,789,307,397,161,659,1143,684,290,296,446,479,762,918,456,398,230,860,674,639,354,230,939
658,600,613,810,558,377,693,761,914,225,259,804,355,397,182,677,1081,705,356,316,445,490,786,954,517,427,264,847,724,704,434,320,953
659,548,688,754,591,402,569,872,1087,230,282,817,290,422,197,681,1121,727,357,325,462,498,723,966,509,450,285,867,741,710,450,322,972
660,458,695,675,723,383,530,832,1188,225,231,800,314,415,169,640,1123,632,366,313,445,450,867,936,494,411,242,842,707,663,395,288,932
661,453,760,743,703,386,251,850,824,213,223,795,398,381,182,646,1111,689,332,303,447,471,850,981,502,422,263,853,806,691,401,278,916
662,494,730,691,712,374,383,828,642,214,205,761,240,365,182,646,1090,752,331,313,478,480,747,978,514,441,278,896,750,700,423,344,1057
663,615,712,762,673,386,699,838,671,223,227,797,212,369,173,671,1100,672,321,286,443,473,799,895,453,408,262,894,505,608,351,296,1030
664,604,782,716,529,395,691,873,727,226,255,818,320,364,160,658,1025,688,325,292,448,445,747,936,472,403,241,818,665,646,350,239,796
665,529,875,668,425,390,622,888,763,205,256,814,387,376,170,660,880,619,358,312,452,464,720,926,491,421,266,856,624,669,374,291,902
666,512,865,746,457,368,605,715,828,199,237,828,373,412,162,669,891,710,414,308,453,478,792,994,517,436,292,884,645,684,381,326,968
667,491,815,713,395,356,597,482,817,159,197,742,252,396,152,613,1008,695,419,284,443,456,782,977,515,413,265,848,681,689,406,312,949
668,565,685,731,330,364,609,590,785,186,202,731,320,388,159,602,1031,772,397,293,419,437,612,995,485,394,235,826,713,658,377,261,896
669,638,677,784,328,359,539,735,746,177,206,724,390,373,159,577,1038,806,374,278,415,427,724,1013,479,377,224,801,665,629,312,219,846
670,651,733,829,301,360,526,813,723,188,181,641,306,383,139,575,1107,694,373,279,403,426,751,965,490,385,236,796,654,648,345,267,891
671,604,736,879,364,369,528,813,733,193,178,640,331,413,151,579,1175,783,434,313,435,459,745,1015,523,436,278,898,751,718,422,316,995
672,519,809,708,311,353,588,738,718,191,201,731,333,373,168,604,1075,636,403,302,451,460,750,955,531,436,269,905,732,705,430,329,968
673,516,814,765,514,356,661,638,794,190,220,792,347,351,167,612,1021,633,312,271,437,449,736,963,504,421,251,846,695,675,397,295,914
674,528,712,770,464,369,517,540,824,202,200,728,284,376,154,585,1122,669,323,280,419,425,703,972,480,410,223,817,677,668,373,262,882
675,510,684,725,402,363,483,646,794,206,223,700,211,383,152,600,1145,637,355,294,424,398,707,963,468,381,210,788,657,646,350,269,841
676,563,728,813,552,391,421,735,846,197,217,682,209,406,172,595,1106,544,356,296,416,419,652,956,480,404,219,800,671,669,359,270,884
677,618,622,859,618,385,556,741,857,196,223,730,205,412,166,593,1046,648,390,293,421,424,683,953,478,412,223,795,669,672,357,258,883
678,618,667,825,591,378,652,645,791,226,211,827,221,417,179,608,1058,703,417,312,454,453,675,973,506,441,234,829,701,709,424,303,926
679,512,731,778,667,376,580,709,720,210,214,835,214,414,159,601,1065,647,373,316,425,419,647,960,489,434,234,801,656,686,381,270,862
680,338,631,722,819,366,562,794,888,232,189,685,101,426,155,587,1069,667,351,312,426,403,632,936,468,408,241,830,587,597,297,226,907
681,336,603,663,763,386,612,785,827,244,195,583,73,424,177,578,1044,613,324,336,435,422,615,903,483,426,229,832,576,608,321,270,933
682,443,610,623,659,344,686,753,806,247,200,588,151,445,171,592,1050,513,369,333,453,427,764,890,490,428,261,826,584,619,335,260,879
683,601,574,678,636,348,670,673,913,265,195,569,248,452,167,570,1010,514,394,308,450,402,785,912,501,427,249,786,604,622,335,245,840
684,632,674,685,610,375,599,626,745,250,201,640,325,445,196,595,1025,567,439,323,456,432,714,960,517,439,262,810,652,650,345,275,894
685,557,797,743,465,353,297,574,668,209,202,704,309,355,189,644,1111,544,335,313,487,488,813,943,499,480,327,871,709,718,426,329,956
686,536,788,804,420,335,167,563,817,192,222,811,344,364,209,672,1139,541,315,317,514,503,846,914,525,488,347,919,672,713,441,368,1002
687,561,782,778,386,320,416,722,806,164,227,836,357,395,209,688,1154,616,383,336,521,529,824,971,557,490,375,924,727,725,462,399,1006
688,602,777,761,314,312,531,770,695,181,225,770,269,396,190,674,1131,577,397,330,515,524,752,929,523,469,335,906,681,693,400,360,946
689,745,762,748,223,332,489,828,697,180,200,731,331,413,198,671,1128,460,366,319,499,525,743,908,516,471,300,933,633,672,397,343,956
690,776,724,668,359,323,524,813,738,156,201,735,462,394,184,689,1113,562,345,309,497,545,823,888,511,460,311,931,498,616,393,317,981
691,689,687,755,524,350,592,758,747,206,248,758,337,425,213,699,1005,638,381,343,523,545,835,901,549,493,338,943,577,664,429,354,1033
692,583,640,747,547,346,534,765,704,210,242,724,118,433,200,665,967,620,372,338,501,508,809,896,525,481,304,896,595,664,391,312,927
693,504,659,627,405,358,502,799,811,203,225,737,130,411,196,681,1098,583,348,341,504,519,818,945,523,475,304,888,646,694,393,316,877
694,494,660,740,406,361,568,812,839,187,245,756,263,404,211,692,1216,606,373,353,509,541,797,997,532,488,304,901,680,698,408,320,901
695,401,745,753,487,353,681,734,844,202,271,813,167,425,226,727,1205,675,411,366,536,544,815,1058,573,500,320,902,685,724,413,305,927
696,424,757,702,449,336,702,703,745,200,279,853,159,433,236,738,1181,637,437,379,545,542,819,1028,602,540,329,910,703,722,395,329,947
697,404,616,693,450,332,564,809,577,181,261,833,212,437,241,759,1187,573,503,394,559,570,808,996,645,550,366,939,711,773,441,348,958
698,354,633,842,469,327,404,864,633,182,261,783,280,444,243,725,1196,565,536,379,558,581,791,1024,636,532,364,947,693,773,452,364,1020